,,,1,2,3,4,5,6,7,8,9,10,11,12,13,14,15,16,17,18,19,20,21,22,23,24,25,26,27,28,29,30,31,32
21359,25-Mar-19,9:50:00,15,5,23,26,26,28,20,16,15,3,20,16,5,24,13,30,4,10,2,0,0,4,1,28,28,10,7,19,29,6,0,0
21369,25-Mar-19,10:00:00,30,16,23,32,16,26,26,23,20,20,7,32,32,22,9,3,37,28,1,18,6,29,0,28,16,12,15,15,24,7,21,0
21379,25-Mar-19,10:10:00,11,39,13,26,6,25,31,13,16,18,12,10,27,24,10,10,22,19,13,18,16,27,1,20,23,12,17,18,25,9,15,0
21389,25-Mar-19,10:20:00,4,8,21,27,15,20,26,30,26,4,17,0,29,31,11,13,21,27,19,3,23,22,18,12,24,19,26,19,28,16,13,0
21399,25-Mar-19,10:30:00,0,1,6,24,11,16,28,10,15,0,17,0,16,12,1,14,0,17,7,6,7,17,15,1,8,7,9,18,13,32,5,0
21409,25-Mar-19,10:40:00,6,4,7,20,4,6,25,10,22,0,3,0,6,7,0,27,6,31,2,3,19,8,22,22,6,1,13,16,1,15,12,0
21419,25-Mar-19,10:50:00,2,2,0,14,2,4,21,19,15,0,13,0,0,5,0,5,16,0,7,2,0,26,2,10,4,17,0,17,0,3,1,0
21429,25-Mar-19,11:00:00,0,0,1,0,3,2,4,7,13,0,0,0,5,19,0,19,9,3,8,5,0,13,0,3,2,1,0,3,0,3,0,0
21439,25-Mar-19,11:10:00,0,0,0,14,0,9,11,12,16,0,12,0,0,1,0,0,0,16,2,0,0,27,0,6,1,0,0,0,0,0,0,0
21449,25-Mar-19,11:20:00,0,4,0,13,0,1,21,7,3,0,0,0,0,0,0,1,0,17,0,0,0,3,0,23,3,8,0,0,0,0,0,0
21459,25-Mar-19,11:30:00,0,0,0,0,0,1,3,15,0,0,0,0,4,1,0,0,0,2,1,0,0,0,1,0,0,7,1,0,0,0,0,0
21469,25-Mar-19,11:40:00,2,2,0,0,0,0,0,2,0,0,0,0,21,0,0,0,5,4,6,0,0,0,7,0,0,2,6,4,0,0,0,0
21479,25-Mar-19,11:50:00,3,1,0,4,0,0,4,11,1,0,0,0,12,3,0,0,0,0,8,0,0,3,0,0,0,1,0,0,0,0,0,0
21489,25-Mar-19,12:00:00,0,1,0,0,0,2,0,23,1,0,0,0,0,3,0,0,0,0,0,0,0,2,0,0,2,0,0,1,0,0,0,0
21499,25-Mar-19,12:10:00,1,4,0,0,0,0,0,18,0,0,0,0,0,0,0,0,0,0,0,0,0,0,0,2,2,0,0,0,0,0,0,0
21509,25-Mar-19,12:20:00,0,0,0,0,0,0,0,9,0,0,0,0,0,0,0,0,0,0,0,0,0,0,0,0,2,0,0,0,0,0,0,0
21519,25-Mar-19,12:30:00,2,6,0,10,0,2,10,4,2,4,2,41,4,0,0,0,6,0,2,2,0,6,6,0,4,0,0,15,3,0,46,0
21529,25-Mar-19,12:40:00,12,2,0,3,0,4,24,29,0,0,0,2,5,0,0,0,3,2,11,0,0,24,0,0,2,0,0,30,17,12,0,0
21539,25-Mar-19,12:50:00,0,0,0,0,0,0,16,14,8,0,3,1,7,0,0,0,0,0,0,0,8,40,1,4,0,0,0,11,21,1,0,0
21549,25-Mar-19,13:00:00,0,0,0,0,0,0,9,8,0,0,13,15,3,0,0,0,0,0,2,0,4,10,0,0,3,0,14,20,16,0,0,53
21559,25-Mar-19,13:10:00,0,0,0,0,0,3,11,8,6,0,4,0,2,4,0,10,0,5,6,0,0,15,0,11,0,0,25,6,13,4,0,19
21569,25-Mar-19,13:20:00,0,0,0,20,0,5,15,9,1,7,2,0,12,4,0,2,0,15,0,0,9,20,8,6,13,0,12,5,12,2,0,6
21579,25-Mar-19,13:30:00,0,1,0,5,0,2,5,9,0,0,2,0,2,5,0,35,41,0,3,0,17,21,0,7,2,0,15,10,2,0,0,2
21589,25-Mar-19,13:40:00,0,1,0,7,4,0,1,9,0,0,5,0,3,0,0,21,1,2,0,3,13,6,0,3,0,0,0,1,1,0,0,3
21599,25-Mar-19,13:50:00,6,0,0,5,9,0,0,14,2,0,4,0,3,0,0,2,0,1,0,0,17,0,0,1,4,0,0,1,9,0,0,35
21609,25-Mar-19,14:00:00,4,0,15,1,11,0,0,6,0,0,7,0,0,2,0,2,0,0,0,0,2,0,0,0,0,0,0,4,3,0,3,2
21619,25-Mar-19,14:10:00,1,2,3,0,10,0,0,0,2,0,2,0,1,5,0,0,0,0,0,0,0,0,0,0,4,0,0,4,0,0,0,7
21629,25-Mar-19,14:20:00,7,11,0,0,2,0,0,0,3,0,1,0,0,12,0,1,0,2,0,0,0,0,0,0,23,0,0,0,3,7,0,0
21639,25-Mar-19,14:30:00,1,14,0,0,3,0,0,0,0,0,3,0,1,0,0,0,0,14,0,0,0,0,0,0,2,0,0,0,0,0,0,0
21649,25-Mar-19,14:40:00,0,12,4,0,0,0,0,0,0,0,8,0,0,4,0,0,0,4,0,0,0,0,0,0,2,0,0,0,0,0,0,0
21659,25-Mar-19,14:50:00,0,0,0,0,3,0,0,0,0,0,7,0,0,4,0,0,0,2,0,0,0,0,0,0,0,0,0,0,0,0,0,0
21669,25-Mar-19,15:00:00,0,0,0,0,0,0,0,0,0,4,0,0,1,7,0,0,0,27,0,0,0,0,0,0,0,0,0,0,1,0,0,0
21679,25-Mar-19,15:10:00,0,2,0,0,0,0,0,0,0,1,2,0,0,1,0,0,0,0,0,0,0,0,0,0,0,0,0,0,5,0,0,0
21689,25-Mar-19,15:20:00,0,0,0,0,0,0,0,0,5,0,12,0,1,5,0,0,0,0,0,0,0,0,0,0,0,0,0,0,0,0,0,0
21699,25-Mar-19,15:30:00,0,0,0,0,0,0,0,0,0,0,1,31,0,7,0,0,1,0,0,0,0,0,0,0,0,0,0,0,0,0,0,0
21709,25-Mar-19,15:40:00,0,0,0,0,0,0,0,0,0,0,3,2,0,0,0,0,0,0,0,0,0,0,0,0,0,0,0,1,0,0,0,0
21719,25-Mar-19,15:50:00,0,0,0,0,0,0,0,3,0,0,19,3,0,0,0,0,1,0,0,0,0,0,0,0,4,0,0,0,0,0,0,0
21729,25-Mar-19,16:00:00,0,0,0,0,0,0,0,0,0,1,1,0,0,0,1,1,0,0,0,0,0,0,0,0,0,0,0,0,16,0,0,0
21739,25-Mar-19,16:10:00,0,1,0,0,0,0,0,0,0,0,0,6,0,0,0,0,0,4,0,0,0,0,0,0,2,0,0,0,1,0,0,0
21749,25-Mar-19,16:20:00,0,0,0,0,0,0,0,2,0,0,0,0,0,0,0,0,2,0,0,2,0,0,0,0,0,0,0,2,1,0,0,0
21759,25-Mar-19,16:30:00,0,0,0,0,0,0,0,2,0,0,0,0,0,0,0,0,6,0,0,0,0,0,0,0,1,0,0,1,1,0,0,0
21769,25-Mar-19,16:40:00,2,0,0,0,0,0,0,0,0,0,0,0,7,4,0,0,0,1,0,5,0,0,13,0,0,0,0,0,0,0,0,0
21779,25-Mar-19,16:50:00,23,0,0,1,0,0,0,8,0,0,0,0,10,5,0,0,1,0,1,0,0,0,4,17,2,0,5,12,6,0,0,0
21789,25-Mar-19,17:00:00,0,0,0,46,0,0,0,0,0,0,0,0,0,2,0,0,0,0,0,0,0,0,13,8,1,0,6,3,5,0,0,0
21799,25-Mar-19,17:10:00,3,0,4,13,3,1,8,28,0,0,0,0,4,9,0,1,9,18,9,0,0,0,0,14,6,9,18,2,6,0,0,0
21809,25-Mar-19,17:20:00,19,0,4,2,9,3,7,2,0,1,0,0,0,1,0,0,6,5,0,0,3,0,0,3,11,0,17,0,0,0,0,0
21819,25-Mar-19,17:30:00,0,0,1,5,6,0,0,3,2,4,0,0,8,4,0,0,0,14,0,0,9,0,0,14,6,0,9,0,0,0,0,2
21829,25-Mar-19,17:40:00,0,3,0,10,28,0,0,1,0,2,0,0,0,0,0,0,0,0,0,0,0,0,0,27,12,0,15,0,0,0,0,0
21839,25-Mar-19,17:50:00,0,0,0,9,3,2,0,0,0,6,0,7,19,0,0,2,0,0,0,0,0,0,0,14,1,0,5,0,0,0,0,8
21849,25-Mar-19,18:00:00,17,0,26,0,6,0,0,1,1,19,0,5,23,0,0,2,0,16,0,0,0,0,0,21,10,0,16,0,20,0,0,2
21859,25-Mar-19,18:10:00,10,8,5,0,6,0,0,0,0,4,17,0,10,0,0,28,3,4,0,0,2,0,0,2,4,4,4,0,7,0,0,2
21869,25-Mar-19,18:20:00,0,13,1,0,2,0,0,16,2,9,4,0,16,0,0,0,3,1,0,0,14,0,0,4,6,0,0,0,6,0,0,0
21879,25-Mar-19,18:30:00,0,1,4,0,9,0,0,4,2,9,9,5,10,0,0,2,0,0,0,0,9,0,0,0,2,0,2,0,0,0,0,3
21889,25-Mar-19,18:40:00,13,0,4,10,6,0,0,1,0,3,1,3,0,0,0,0,0,5,0,0,0,0,0,0,12,2,5,0,0,0,0,6
21899,25-Mar-19,18:50:00,9,9,4,24,4,1,0,7,0,1,0,0,8,12,0,0,8,18,0,0,0,0,2,0,5,0,11,0,0,0,0,4
21909,25-Mar-19,19:00:00,0,16,4,14,7,0,0,8,0,0,0,0,7,10,0,9,4,13,9,7,6,0,0,3,3,4,3,5,0,0,0,23
21919,25-Mar-19,19:10:00,3,8,6,13,8,0,0,18,0,0,6,10,13,4,0,14,0,0,0,0,15,3,0,19,11,14,0,0,0,5,0,30
21929,25-Mar-19,19:20:00,12,2,2,60,0,2,0,1,0,0,11,46,0,16,4,0,6,0,2,1,1,14,0,0,5,3,11,5,0,1,0,0
21939,25-Mar-19,19:30:00,5,7,21,33,0,0,0,11,0,5,9,0,0,14,7,19,0,8,5,2,34,9,0,0,9,9,9,11,0,0,0,12
21949,25-Mar-19,19:40:00,9,12,11,8,0,1,0,9,0,22,9,10,0,10,9,14,4,6,14,3,5,6,0,0,20,35,2,4,5,0,0,1
21959,25-Mar-19,19:50:00,6,2,6,15,1,1,0,9,0,8,12,7,14,12,4,3,5,14,0,0,9,17,6,0,16,8,4,16,12,0,0,10
21969,25-Mar-19,20:00:00,13,8,4,5,0,4,0,8,2,1,14,4,9,0,9,1,7,9,3,2,2,0,10,0,14,0,14,13,19,0,0,3
21979,25-Mar-19,20:10:00,15,6,13,17,0,10,0,13,3,4,10,10,6,7,6,3,9,11,9,0,4,0,15,0,15,19,2,7,24,4,17,63
21989,25-Mar-19,20:20:00,9,4,8,21,17,12,12,8,3,13,7,8,2,5,19,0,2,13,16,5,17,1,2,0,14,28,6,11,20,0,11,8
21999,25-Mar-19,20:30:00,17,2,7,14,4,14,20,15,5,7,10,5,8,5,10,0,9,5,7,19,4,8,8,36,16,20,2,15,40,13,19,8
22009,25-Mar-19,20:40:00,15,15,10,18,8,6,22,4,0,13,10,10,10,2,65,51,12,6,12,34,20,13,12,16,13,10,13,13,20,7,15,13
22019,25-Mar-19,20:50:00,17,9,14,17,8,10,15,14,6,15,8,19,13,3,24,13,4,13,4,29,13,16,21,4,13,14,24,13,15,18,32,8
22029,25-Mar-19,21:00:00,13,11,6,16,12,14,16,12,9,13,9,13,18,10,14,28,10,8,8,30,13,15,12,13,15,23,14,14,39,13,18,21
22039,25-Mar-19,21:10:00,17,5,11,16,10,7,19,46,4,16,8,20,19,12,13,28,8,14,8,29,11,24,16,19,17,16,9,9,24,15,12,12
22049,25-Mar-19,21:20:00,13,10,11,16,12,12,14,27,5,18,1,8,16,14,11,23,13,9,8,29,17,16,11,31,16,14,15,11,12,11,18,16
22059,25-Mar-19,21:30:00,15,11,16,15,20,12,14,34,8,23,21,12,14,14,16,30,15,12,9,35,14,20,6,22,22,20,10,11,29,28,16,36
22069,25-Mar-19,21:40:00,22,11,16,29,17,14,16,13,8,13,11,14,19,15,13,31,15,24,8,32,12,42,12,20,22,12,13,17,18,15,17,20
22079,25-Mar-19,21:50:00,15,4,17,29,18,14,21,15,10,20,21,20,14,19,15,20,12,8,13,27,19,14,15,15,24,19,12,14,22,16,19,13
22089,25-Mar-19,22:00:00,27,16,14,28,19,24,25,26,11,28,29,27,31,23,24,21,12,32,16,44,18,22,23,16,28,36,20,18,30,22,33,15
22099,25-Mar-19,22:10:00,19,20,22,44,23,19,10,27,6,30,5,47,31,18,19,2,48,34,4,16,4,17,11,18,25,21,16,11,22,3,22,14
22109,25-Mar-19,22:20:00,16,3,1,31,0,6,4,7,3,5,11,9,23,4,17,0,4,4,0,0,0,15,0,3,20,14,0,2,5,0,3,0
22119,25-Mar-19,22:30:00,5,0,0,17,2,0,0,2,0,0,0,2,13,0,4,2,0,13,2,0,0,2,0,0,9,1,0,0,2,0,0,0
22129,25-Mar-19,22:40:00,1,0,0,6,0,2,0,0,0,0,0,0,2,0,0,0,0,0,0,0,0,0,0,0,6,0,0,0,3,0,0,0
22139,25-Mar-19,22:50:00,1,0,0,11,0,0,0,0,3,0,0,0,3,0,0,0,0,0,0,0,0,0,0,0,5,0,0,0,4,0,0,0
22149,25-Mar-19,23:00:00,0,0,0,1,0,0,0,0,2,0,0,0,1,0,0,0,1,0,0,0,0,0,0,0,7,0,0,0,0,0,0,0
22159,25-Mar-19,23:10:00,0,0,0,0,0,0,0,0,0,0,0,0,0,0,0,0,0,0,0,0,0,0,0,0,11,2,0,0,0,0,0,4
22169,25-Mar-19,23:20:00,0,0,0,0,0,0,0,0,0,0,0,0,0,0,0,0,0,0,0,0,0,0,0,0,12,2,0,0,0,0,0,0
22179,25-Mar-19,23:30:00,3,0,0,2,0,0,0,4,2,0,0,0,1,0,0,0,0,0,0,0,0,0,0,0,0,0,0,0,0,0,0,0
22189,25-Mar-19,23:40:00,3,0,0,0,0,0,0,0,0,0,0,0,4,0,0,0,0,0,0,0,0,0,0,0,0,0,0,0,0,0,0,0
22199,25-Mar-19,23:50:00,0,0,0,2,0,0,0,0,2,0,0,0,0,0,0,0,0,10,0,0,0,0,0,0,13,0,0,0,0,0,0,0
22209,26-Mar-19,0:00:00,5,0,0,0,0,0,0,0,0,3,0,0,0,0,0,0,1,0,0,0,0,0,4,0,10,0,0,0,0,0,0,0
22219,26-Mar-19,0:10:00,2,0,0,0,0,0,0,0,0,0,0,0,0,0,0,0,0,0,0,0,0,0,5,0,4,8,0,0,0,0,0,0
22229,26-Mar-19,0:20:00,0,0,0,0,0,0,0,0,2,0,1,3,0,0,0,0,0,0,0,1,0,0,0,0,5,0,0,0,0,0,0,0
22239,26-Mar-19,0:30:00,0,0,0,0,0,0,0,0,2,0,0,0,0,0,0,3,5,10,0,0,0,0,0,0,0,0,0,0,0,0,0,0
22249,26-Mar-19,0:40:00,0,0,0,1,0,3,0,0,0,0,0,0,0,0,0,0,9,1,0,0,0,0,0,0,0,5,0,0,0,0,0,0
22259,26-Mar-19,0:50:00,24,0,0,0,0,0,0,0,4,0,0,0,0,0,0,0,0,12,0,0,0,0,0,0,0,0,0,0,0,0,0,0
22269,26-Mar-19,1:00:00,1,5,0,3,0,0,0,0,0,0,0,0,2,0,0,0,0,0,0,0,0,0,4,0,0,2,0,0,0,0,0,0
22279,26-Mar-19,1:10:00,1,0,0,0,0,0,0,0,0,0,0,0,2,3,0,0,0,0,0,0,0,0,0,0,0,0,0,0,0,0,0,0
22289,26-Mar-19,1:20:00,6,0,0,0,0,4,0,1,0,0,0,0,0,0,0,0,0,9,0,0,0,0,0,0,0,16,0,0,0,0,0,0
22299,26-Mar-19,1:30:00,12,0,0,0,0,1,0,0,5,0,2,0,2,0,0,0,0,9,0,0,0,0,0,0,0,0,0,0,0,0,0,0
22309,26-Mar-19,1:40:00,0,1,0,0,0,5,0,0,0,0,0,0,6,0,0,0,0,4,0,0,0,0,0,0,0,0,0,0,0,0,0,0
22319,26-Mar-19,1:50:00,0,34,0,0,0,0,0,1,0,0,0,0,0,0,0,0,0,0,0,2,0,0,0,0,8,0,0,0,2,3,0,0
22329,26-Mar-19,2:00:00,0,0,0,0,0,3,0,3,2,0,0,0,0,0,0,0,0,0,0,0,3,0,0,1,42,0,0,0,3,0,0,0
22339,26-Mar-19,2:10:00,0,0,0,0,0,0,0,0,0,0,0,1,7,2,0,11,0,6,0,0,0,0,0,0,15,2,0,0,0,0,0,0
22349,26-Mar-19,2:20:00,0,0,0,0,0,0,0,0,1,0,0,0,18,0,0,0,0,0,0,0,0,0,2,0,0,16,0,0,0,0,0,0
22359,26-Mar-19,2:30:00,0,0,0,0,0,2,0,0,0,0,0,2,0,0,0,0,0,0,2,0,0,0,24,0,7,13,0,2,0,0,0,3
22369,26-Mar-19,2:40:00,0,0,0,2,0,7,0,0,6,0,0,0,0,0,0,0,12,0,0,0,0,1,30,0,4,7,0,5,0,0,0,0
22379,26-Mar-19,2:50:00,12,0,0,5,0,0,0,4,0,0,0,0,0,0,0,0,11,1,0,0,0,8,9,0,0,2,0,0,0,0,0,0
22389,26-Mar-19,3:00:00,1,0,3,2,0,1,0,1,0,0,0,0,8,0,0,0,0,2,0,0,0,1,10,0,14,1,0,0,0,0,2,0
22399,26-Mar-19,3:10:00,0,2,0,3,0,2,0,0,0,0,0,0,0,0,0,0,0,2,0,0,0,0,0,0,0,6,0,0,0,0,0,0
22409,26-Mar-19,3:20:00,0,4,0,7,0,12,0,0,4,5,4,0,0,0,0,9,10,5,0,0,0,0,0,0,1,9,0,0,0,0,0,3
22419,26-Mar-19,3:30:00,2,0,1,0,4,0,0,1,0,4,2,0,5,0,0,0,20,0,0,0,0,0,8,0,2,1,0,0,0,0,0,0
22429,26-Mar-19,3:40:00,14,0,0,0,3,0,0,2,0,0,0,1,8,0,0,0,8,0,0,0,0,0,3,0,3,2,0,0,10,0,0,0
22439,26-Mar-19,3:50:00,0,0,0,9,1,0,0,2,0,3,0,0,0,0,0,0,8,0,0,2,0,0,11,0,17,27,0,0,0,0,0,0
22449,26-Mar-19,4:00:00,0,8,0,0,0,0,1,0,0,6,0,0,0,0,0,0,0,10,0,0,0,7,0,0,0,0,0,0,0,0,0,1
22459,26-Mar-19,4:10:00,0,19,0,0,0,17,0,2,1,0,2,0,14,0,0,0,0,2,0,0,0,25,0,0,0,0,0,0,0,2,0,0
22469,26-Mar-19,4:20:00,0,0,2,0,0,4,0,2,6,3,0,0,0,0,0,0,0,0,0,0,0,16,0,0,6,0,0,4,0,0,0,0
22479,26-Mar-19,4:30:00,0,0,0,0,0,0,0,2,0,0,0,0,8,0,0,0,0,1,0,0,0,3,0,14,10,0,0,0,0,0,0,0
22489,26-Mar-19,4:40:00,0,0,0,4,0,39,0,0,0,0,0,0,0,0,0,0,8,3,0,0,0,0,0,0,0,0,0,0,0,0,7,0
22499,26-Mar-19,4:50:00,0,0,0,8,0,37,1,0,0,0,0,0,0,2,0,0,4,3,0,0,2,0,0,0,25,3,0,0,3,0,7,0
22509,26-Mar-19,5:00:00,4,0,0,1,0,34,5,0,0,0,5,0,4,0,0,0,0,0,0,0,0,0,6,0,1,0,0,0,0,0,0,0
22519,26-Mar-19,5:10:00,0,15,0,0,0,13,0,3,4,3,3,0,20,0,0,0,0,0,2,0,0,0,0,0,0,3,0,0,0,0,0,0
22529,26-Mar-19,5:20:00,0,0,0,0,0,0,0,5,0,0,0,0,3,0,0,0,0,15,0,0,0,0,0,9,5,4,0,0,0,0,0,0
22539,26-Mar-19,5:30:00,0,0,0,0,0,0,0,0,0,1,0,0,0,0,0,0,0,0,0,0,0,0,0,9,0,0,0,0,0,0,0,0
22549,26-Mar-19,5:40:00,0,0,0,1,0,0,0,3,2,0,0,0,0,1,0,0,0,0,9,0,0,12,0,0,2,0,0,0,0,0,0,0
22559,26-Mar-19,5:50:00,0,15,0,0,0,0,0,0,1,0,0,0,0,0,5,0,0,0,8,0,0,17,0,0,18,0,0,0,3,0,0,2
22569,26-Mar-19,6:00:00,0,1,0,0,0,0,0,10,0,0,5,0,2,0,0,2,0,0,7,0,0,11,0,0,4,6,0,0,3,0,0,0
22579,26-Mar-19,6:10:00,0,0,0,3,0,0,0,0,4,0,0,0,15,6,0,0,0,0,4,0,0,0,0,0,16,0,0,0,0,0,0,0
22589,26-Mar-19,6:20:00,0,2,0,5,0,1,0,0,6,0,0,0,0,0,0,0,0,0,0,0,0,0,0,4,1,0,0,0,0,0,0,0
22599,26-Mar-19,6:30:00,0,4,0,0,1,13,1,11,2,2,1,0,5,0,0,0,13,19,0,0,0,0,5,2,14,2,0,0,0,0,0,0
22609,26-Mar-19,6:40:00,0,0,0,0,0,0,3,3,0,2,6,0,12,0,0,0,16,7,1,0,0,0,24,7,6,0,7,0,0,0,1,3
22619,26-Mar-19,6:50:00,0,2,0,0,0,0,11,0,3,6,0,0,4,0,0,2,11,15,12,0,0,0,13,16,0,0,2,7,3,0,0,3
22629,26-Mar-19,7:00:00,0,0,0,0,0,0,2,3,2,0,0,0,19,0,0,0,0,1,0,0,0,0,7,54,2,11,0,0,5,0,0,0
22639,26-Mar-19,7:10:00,0,0,3,0,0,0,2,21,2,0,5,1,1,0,1,0,0,39,0,0,2,0,0,6,9,1,0,0,0,0,0,0
22649,26-Mar-19,7:20:00,0,0,0,1,0,8,0,30,0,0,16,0,9,4,0,0,3,1,2,0,0,0,21,4,1,1,0,10,0,0,0,0
22659,26-Mar-19,7:30:00,0,3,0,3,0,12,0,46,2,2,12,4,2,6,0,6,16,13,0,0,0,0,1,0,0,0,0,13,0,0,0,13
22669,26-Mar-19,7:40:00,0,3,0,1,4,2,0,25,3,0,0,0,16,11,0,0,0,1,0,0,0,0,0,0,17,6,0,10,0,0,0,8
22679,26-Mar-19,7:50:00,0,30,0,14,0,0,0,23,2,0,0,3,4,6,0,0,0,6,0,0,0,23,0,0,14,2,0,0,0,0,0,0
22689,26-Mar-19,8:00:00,0,5,0,2,10,0,0,10,2,0,0,0,11,0,2,0,0,2,0,0,0,7,0,0,0,4,0,0,1,0,0,0
22699,26-Mar-19,8:10:00,0,3,0,0,0,0,0,14,0,0,0,0,2,16,0,0,0,4,0,0,1,0,0,0,0,6,0,0,10,2,0,0
22709,26-Mar-19,8:20:00,0,11,0,0,1,0,0,17,2,0,0,2,11,2,0,6,13,0,0,0,10,0,0,0,0,4,0,0,2,4,0,0
22719,26-Mar-19,8:30:00,0,0,0,17,0,0,0,23,1,0,15,0,24,3,0,2,1,0,0,0,0,0,0,0,0,15,0,0,0,0,0,0
22729,26-Mar-19,8:40:00,0,0,0,24,2,0,0,23,2,2,15,0,1,11,0,0,0,0,6,0,0,0,3,0,0,1,13,0,0,0,0,0
22739,26-Mar-19,8:50:00,7,0,0,12,1,0,0,11,0,7,0,0,18,0,0,0,0,3,0,0,0,12,13,16,0,0,0,0,5,0,0,0
22749,26-Mar-19,9:00:00,0,0,0,18,1,14,0,8,4,8,0,1,15,5,2,0,1,13,0,2,0,0,0,16,7,13,7,14,0,0,0,0
22759,26-Mar-19,9:10:00,0,0,13,14,0,8,0,3,5,6,0,4,0,7,0,0,11,15,0,0,14,12,2,7,26,14,17,20,0,0,2,0
22769,26-Mar-19,9:20:00,0,0,13,12,5,15,0,17,0,0,0,5,10,4,2,0,0,2,3,0,0,0,16,11,7,0,0,1,0,2,7,2
22779,26-Mar-19,9:30:00,6,24,23,6,9,12,1,19,0,0,18,14,34,6,2,2,0,19,4,0,0,0,13,0,10,0,0,14,0,6,3,12
22789,26-Mar-19,9:40:00,12,12,10,19,26,5,8,12,0,9,15,6,24,14,0,6,14,0,5,0,6,0,11,5,5,9,16,3,14,11,7,15
22799,26-Mar-19,9:50:00,1,7,8,22,0,7,1,26,0,5,17,4,19,17,1,8,7,11,5,0,18,8,0,0,7,6,11,0,14,0,17,0
22809,26-Mar-19,10:00:00,5,7,23,24,5,2,8,24,2,3,13,23,18,5,6,16,6,8,16,14,5,8,13,3,10,24,23,9,18,8,15,3
22819,26-Mar-19,10:10:00,10,10,6,17,7,13,14,14,12,7,11,9,2,5,2,4,2,6,6,20,4,8,9,15,11,15,2,9,6,9,12,5
22829,26-Mar-19,10:20:00,3,0,3,9,7,9,13,13,2,0,4,7,7,2,22,2,3,11,2,7,1,4,9,0,12,20,4,12,8,2,7,5
22839,26-Mar-19,10:30:00,1,8,0,7,0,0,3,15,1,0,12,5,15,4,22,6,3,5,0,2,0,8,0,0,12,1,1,7,8,2,2,4
22849,26-Mar-19,10:40:00,0,2,0,1,0,8,2,14,0,7,5,0,6,0,0,20,0,7,0,0,3,6,0,2,10,13,0,8,5,0,9,0
22859,26-Mar-19,10:50:00,4,3,0,0,2,1,16,11,2,2,4,0,8,0,0,2,0,12,1,0,1,1,7,5,12,6,3,3,10,0,5,0
22869,26-Mar-19,11:00:00,0,0,1,0,8,0,10,8,0,0,13,0,4,0,0,0,1,4,1,0,0,0,11,7,2,13,1,0,9,0,0,0
22879,26-Mar-19,11:10:00,0,1,0,0,3,0,0,11,0,0,3,0,6,0,0,0,1,4,0,0,0,0,0,0,6,3,0,0,3,0,0,0
22889,26-Mar-19,11:20:00,0,0,0,0,0,0,1,16,2,0,0,0,0,0,0,4,36,13,2,0,7,0,0,2,14,0,0,0,7,0,0,0
22899,26-Mar-19,11:30:00,0,0,0,0,0,0,0,5,0,2,0,0,8,0,0,0,4,1,0,0,4,0,0,8,12,10,0,0,1,0,0,0
22909,26-Mar-19,11:40:00,0,5,0,0,0,0,0,6,2,0,0,0,1,0,0,3,13,8,0,0,0,0,0,9,8,2,0,0,0,3,0,1
22919,26-Mar-19,11:50:00,0,1,9,0,0,0,0,3,0,0,0,0,1,2,0,27,0,4,0,0,1,0,11,5,5,3,0,0,6,0,0,0
22929,26-Mar-19,12:00:00,0,0,0,0,0,0,0,10,3,0,3,0,4,9,0,6,0,0,0,0,0,0,0,0,17,2,0,0,0,0,0,0
22939,26-Mar-19,12:10:00,20,0,0,0,0,1,0,1,0,0,0,0,6,6,0,2,0,3,0,0,0,0,0,5,12,0,0,0,0,0,0,0
22949,26-Mar-19,12:20:00,0,0,0,0,0,1,0,1,0,0,0,0,8,0,16,16,0,6,0,0,0,0,0,0,0,1,0,0,0,0,0,0
22959,26-Mar-19,12:30:00,3,1,0,0,0,0,3,0,0,0,0,0,6,0,2,4,1,2,5,0,0,0,0,2,17,0,0,0,0,0,0,1
22969,26-Mar-19,12:40:00,1,1,0,0,0,1,0,0,0,0,0,0,6,0,9,1,10,10,0,0,0,0,0,0,8,0,0,0,0,0,0,0
22979,26-Mar-19,12:50:00,2,3,0,0,0,0,0,0,0,0,0,0,13,0,10,4,0,0,0,0,0,0,1,2,7,0,0,0,0,0,0,0
22989,26-Mar-19,13:00:00,2,0,0,0,0,0,0,0,0,0,3,1,1,1,0,0,0,0,0,0,0,0,11,0,0,0,0,0,0,0,0,2
22999,26-Mar-19,13:10:00,1,0,0,0,0,0,0,0,0,0,0,1,0,3,0,0,0,1,0,0,0,0,6,0,3,0,0,0,0,0,0,0
23009,26-Mar-19,13:20:00,0,0,0,0,3,0,0,0,0,0,0,0,1,0,0,0,8,0,1,0,0,0,4,0,2,0,0,0,0,0,0,0
23019,26-Mar-19,13:30:00,0,2,0,0,2,0,0,0,0,1,0,0,0,0,0,0,0,0,3,0,0,0,0,9,2,0,0,0,2,0,0,0
23029,26-Mar-19,13:40:00,0,3,0,0,0,0,0,0,2,0,0,0,0,7,0,0,0,0,0,0,0,1,0,32,0,0,0,1,0,0,0,0
23039,26-Mar-19,13:50:00,0,0,0,0,0,0,0,0,1,0,2,0,0,1,0,0,0,0,0,0,0,1,0,5,0,0,0,2,0,0,0,0
23049,26-Mar-19,14:00:00,6,2,0,0,2,0,0,0,0,0,0,0,2,1,0,3,0,0,0,0,0,0,0,0,2,0,0,4,2,2,0,0
23059,26-Mar-19,14:10:00,1,2,0,0,3,0,0,0,0,0,0,3,3,1,0,9,0,22,0,0,0,3,0,0,0,0,0,8,1,0,0,0
23069,26-Mar-19,14:20:00,4,0,0,0,1,5,0,0,1,2,9,1,0,0,0,6,0,0,0,0,0,0,0,0,1,0,0,11,0,0,0,0
23079,26-Mar-19,14:30:00,3,0,0,0,15,2,0,0,3,2,3,0,0,0,0,12,0,13,5,0,0,0,0,0,0,0,0,7,0,0,0,0
23089,26-Mar-19,14:40:00,5,0,0,0,1,1,0,0,0,0,0,0,3,0,3,14,0,2,0,0,0,0,0,0,0,0,0,7,1,0,0,0
23099,26-Mar-19,14:50:00,0,0,0,0,0,0,0,0,2,1,0,0,0,0,14,15,0,7,0,0,4,0,0,0,3,0,0,39,2,0,0,0
23109,26-Mar-19,15:00:00,3,2,0,0,0,1,0,0,3,0,2,0,0,0,11,2,0,6,2,0,0,0,0,0,0,0,0,5,0,0,0,0
23119,26-Mar-19,15:10:00,3,0,0,0,0,0,0,0,0,0,7,0,0,0,5,22,3,3,0,0,2,0,0,0,1,2,0,0,0,0,0,0
23129,26-Mar-19,15:20:00,3,0,0,0,0,0,0,0,2,0,0,0,0,0,0,40,1,0,4,0,10,0,0,0,0,0,0,0,0,0,0,0
23139,26-Mar-19,15:30:00,1,0,0,0,0,0,0,0,2,0,2,0,0,0,0,7,4,0,0,0,8,0,13,0,1,0,0,1,0,0,0,0
23149,26-Mar-19,15:40:00,0,2,0,0,0,0,4,0,0,0,0,0,0,0,0,0,0,0,0,0,0,0,11,9,1,0,0,3,0,0,0,0
23159,26-Mar-19,15:50:00,0,0,2,5,0,0,0,5,3,5,0,0,0,0,0,3,0,0,0,0,0,0,2,10,4,0,0,0,7,0,0,1
23169,26-Mar-19,16:00:00,0,7,4,1,0,0,0,1,0,0,0,0,0,0,0,0,0,0,0,0,0,0,9,9,0,0,0,0,0,0,0,1
23179,26-Mar-19,16:10:00,0,1,0,6,0,0,0,6,4,0,0,0,12,0,0,0,0,0,0,0,0,0,3,3,0,0,0,3,1,0,0,0
23189,26-Mar-19,16:20:00,1,0,0,0,0,0,0,0,1,0,0,0,10,0,0,0,0,0,0,0,0,0,0,0,0,0,0,0,0,0,0,1
23199,26-Mar-19,16:30:00,7,0,1,0,0,0,0,5,3,0,0,0,9,0,0,0,1,0,0,0,0,0,0,0,2,0,0,0,0,0,0,3
23209,26-Mar-19,16:40:00,0,0,4,0,0,0,0,2,1,0,1,0,12,0,0,0,7,1,0,0,0,0,0,0,0,0,0,0,0,0,0,0
23219,26-Mar-19,16:50:00,1,0,2,4,0,1,0,1,0,0,2,0,8,0,0,0,0,0,0,0,0,0,10,2,0,0,1,0,0,0,0,1
23229,26-Mar-19,17:00:00,1,0,0,5,0,1,0,0,0,0,0,0,6,4,0,0,0,12,0,0,0,0,5,0,5,0,2,1,0,0,0,1
23239,26-Mar-19,17:10:00,1,9,0,0,1,3,0,0,2,0,0,0,0,9,0,0,0,3,0,0,0,0,2,0,11,0,4,0,0,0,0,0
23249,26-Mar-19,17:20:00,0,1,5,2,0,0,0,0,0,1,0,0,0,1,0,0,1,5,0,0,0,0,1,0,5,0,3,0,0,0,0,6
23259,26-Mar-19,17:30:00,0,0,1,3,6,1,0,0,0,4,0,2,0,4,0,0,1,0,0,0,0,0,0,0,15,0,2,0,0,0,0,1
23269,26-Mar-19,17:40:00,3,0,4,5,0,1,0,0,0,0,3,0,0,6,0,0,0,0,0,0,0,0,0,0,3,2,9,5,0,0,0,2
23279,26-Mar-19,17:50:00,4,0,16,4,0,4,0,0,2,2,0,3,0,1,0,0,4,2,0,0,11,0,0,2,0,0,0,7,0,0,0,7
23289,26-Mar-19,18:00:00,1,0,0,12,1,1,0,3,0,0,0,7,0,0,0,0,6,6,0,0,12,0,0,4,0,0,0,17,0,0,0,6
23299,26-Mar-19,18:10:00,0,5,0,13,7,0,0,6,2,0,0,7,0,3,0,0,0,7,0,0,2,0,0,7,0,1,7,13,0,1,0,1
23309,26-Mar-19,18:20:00,0,9,0,5,5,3,0,6,2,0,0,4,0,0,0,0,0,0,0,4,0,0,1,3,8,7,4,1,0,0,0,4
23319,26-Mar-19,18:30:00,0,6,2,3,5,5,0,4,3,1,0,0,0,5,0,0,0,0,0,14,17,0,9,0,0,1,5,0,0,0,0,0
23329,26-Mar-19,18:40:00,0,6,7,21,4,2,0,0,1,6,0,0,2,0,0,0,0,0,0,22,2,0,6,0,0,12,0,12,0,0,0,2
23339,26-Mar-19,18:50:00,0,0,4,0,6,11,2,0,2,0,4,0,5,0,0,0,0,0,0,2,2,0,3,23,7,7,4,12,1,0,0,1
23349,26-Mar-19,19:00:00,0,3,11,9,2,6,2,0,5,10,3,0,2,0,0,0,0,0,0,16,2,0,0,12,11,12,11,8,0,0,1,3
23359,26-Mar-19,19:10:00,8,0,12,9,0,5,0,0,0,0,12,0,0,3,0,0,0,2,12,20,2,0,0,9,7,4,4,6,0,0,0,3
23369,26-Mar-19,19:20:00,8,4,4,9,0,4,0,12,0,7,8,0,6,1,0,0,1,7,4,2,0,2,0,46,12,9,6,8,4,0,4,1
23379,26-Mar-19,19:30:00,8,1,3,8,3,0,0,6,0,7,3,2,17,4,0,1,6,8,2,29,0,3,1,10,5,4,6,8,11,0,6,2
23389,26-Mar-19,19:40:00,8,14,11,7,3,0,9,0,2,0,12,8,7,7,0,16,8,0,0,24,0,14,6,12,6,13,10,8,16,0,12,12
23399,26-Mar-19,19:50:00,8,5,7,8,4,2,10,0,6,2,5,0,7,1,0,3,1,8,0,25,5,4,7,10,16,2,0,7,18,1,3,19
23409,26-Mar-19,20:00:00,14,2,10,5,0,4,5,0,4,7,8,0,8,6,0,13,5,3,2,22,0,0,15,9,19,4,5,6,10,11,12,14
23419,26-Mar-19,20:10:00,3,1,7,6,0,2,13,2,1,5,6,5,4,8,3,9,2,3,0,11,0,11,5,5,12,4,5,10,5,16,1,10
23429,26-Mar-19,20:20:00,5,6,4,9,7,6,8,10,1,11,0,6,0,6,8,0,7,1,0,23,0,8,3,6,8,4,10,6,14,8,9,8
23439,26-Mar-19,20:30:00,8,8,13,8,3,2,3,13,2,9,4,10,0,7,5,1,8,0,0,30,0,6,4,9,11,9,6,12,10,13,8,18
23449,26-Mar-19,20:40:00,1,8,10,6,2,2,12,7,0,3,5,5,4,5,6,1,4,0,3,24,0,4,8,17,18,9,1,6,10,3,2,7
23459,26-Mar-19,20:50:00,0,6,15,11,0,10,5,8,3,5,14,4,10,3,10,4,11,14,0,21,0,4,0,6,16,7,11,5,6,9,8,51
23469,26-Mar-19,21:00:00,5,6,8,15,2,6,5,19,1,9,12,8,4,2,8,18,10,0,3,19,0,6,3,7,10,10,14,7,8,7,6,20
23479,26-Mar-19,21:10:00,12,6,7,9,2,11,1,9,1,8,5,6,9,3,5,8,20,1,2,20,0,11,8,11,12,7,9,1,8,9,4,13
23489,26-Mar-19,21:20:00,11,12,9,14,3,8,10,14,0,13,9,11,8,3,9,13,8,2,5,26,2,10,5,10,20,9,9,5,10,12,11,29
23499,26-Mar-19,21:30:00,11,8,12,17,6,10,4,22,3,14,7,10,10,6,15,29,10,9,3,15,7,17,12,20,21,10,11,6,8,8,10,15
23509,26-Mar-19,21:40:00,8,11,16,17,6,14,6,24,3,9,17,12,4,7,20,17,19,5,5,26,2,10,6,16,20,8,11,13,13,6,12,19
23519,26-Mar-19,21:50:00,19,10,7,13,4,9,6,14,0,10,9,13,13,0,10,21,10,6,5,32,5,16,6,14,12,19,14,25,13,7,10,24
23529,26-Mar-19,22:00:00,11,16,13,11,5,15,10,27,5,13,31,18,19,9,12,21,15,12,7,31,4,19,13,22,26,12,17,12,13,13,16,16
23539,26-Mar-19,22:10:00,21,25,1,22,10,14,7,33,1,10,13,11,18,17,9,9,21,12,9,17,6,10,16,16,43,22,26,15,15,4,3,14
23549,26-Mar-19,22:20:00,5,10,0,24,1,5,5,23,6,7,3,0,18,1,5,10,12,7,3,1,0,4,10,4,37,23,2,27,11,0,2,7
23559,26-Mar-19,22:30:00,17,5,0,19,0,2,0,21,5,3,0,0,5,2,0,0,19,9,3,0,0,0,2,11,16,0,5,5,5,0,0,0
23569,26-Mar-19,22:40:00,30,0,0,14,0,0,0,29,3,4,15,0,9,2,0,7,7,12,14,1,4,0,0,0,20,0,1,3,0,0,0,0
23579,26-Mar-19,22:50:00,4,2,0,0,0,0,0,17,6,0,2,0,0,0,0,0,0,5,0,0,0,0,6,0,27,0,1,0,0,0,0,0
23589,26-Mar-19,23:00:00,0,0,0,0,0,0,0,24,5,0,0,2,2,0,0,0,0,10,5,0,0,0,0,2,22,0,1,0,0,0,0,0
23599,26-Mar-19,23:10:00,4,0,2,2,0,0,0,22,2,0,3,0,8,0,0,0,0,8,0,0,1,0,4,2,22,0,0,0,0,0,0,0
23609,26-Mar-19,23:20:00,0,6,5,10,0,0,6,21,6,0,13,2,0,0,0,0,0,13,0,0,4,0,0,0,12,3,0,0,0,0,0,0
23619,26-Mar-19,23:30:00,0,13,6,8,0,0,0,15,0,0,16,0,0,0,0,0,0,2,0,0,0,0,0,0,10,10,0,0,0,0,0,0
23629,26-Mar-19,23:40:00,0,7,0,1,0,0,0,17,3,0,6,0,10,0,0,0,0,3,11,0,0,0,0,0,15,8,0,0,0,0,0,0
23639,26-Mar-19,23:50:00,0,0,0,0,0,0,0,15,2,0,5,4,14,0,0,0,0,1,5,0,0,0,0,0,10,0,0,0,0,0,0,0
23649,27-Mar-19,0:00:00,0,0,0,0,0,0,0,11,3,0,22,6,10,0,0,0,0,9,4,0,0,1,0,0,0,0,5,0,0,0,0,0
23659,27-Mar-19,0:10:00,0,6,0,2,0,0,0,14,3,0,10,0,6,0,0,0,0,11,0,0,0,0,0,0,15,19,2,9,0,2,0,0
23669,27-Mar-19,0:20:00,0,9,11,0,0,0,0,22,0,0,16,0,0,0,0,0,0,0,0,0,0,0,0,10,24,7,8,0,0,0,0,0
23679,27-Mar-19,0:30:00,0,0,14,0,0,0,6,4,0,0,12,1,3,0,0,0,0,0,0,0,0,1,3,12,7,27,10,0,0,0,0,0
23689,27-Mar-19,0:40:00,0,0,0,0,0,0,15,3,0,0,22,0,0,0,0,0,0,0,0,0,7,0,15,8,0,18,7,0,0,0,0,0
23699,27-Mar-19,0:50:00,0,0,0,0,0,0,7,2,3,0,3,11,0,1,0,0,2,0,0,0,2,11,21,13,14,43,6,8,0,0,0,1
23709,27-Mar-19,1:00:00,0,0,1,1,0,0,8,20,2,0,7,0,18,9,0,0,6,0,0,0,0,0,0,5,28,25,9,0,0,0,0,0
23719,27-Mar-19,1:10:00,4,0,14,6,0,0,11,27,0,0,4,0,0,0,0,0,0,0,0,0,0,0,0,0,6,11,16,0,9,0,0,2
23729,27-Mar-19,1:20:00,15,0,0,2,0,0,8,9,0,4,15,6,3,0,0,0,0,3,0,0,0,0,0,20,18,27,7,0,10,0,0,2
23739,27-Mar-19,1:30:00,11,0,0,0,0,2,9,15,2,0,10,6,19,0,0,0,0,8,0,0,0,0,0,19,15,26,7,0,20,0,7,0
23749,27-Mar-19,1:40:00,0,0,8,3,0,4,0,12,0,0,11,0,0,0,0,0,20,1,4,0,0,0,0,0,20,21,12,0,7,0,23,0
23759,27-Mar-19,1:50:00,0,9,7,0,0,4,0,16,3,0,12,0,0,0,0,0,5,7,3,0,0,0,24,4,7,21,0,0,0,0,9,2
23769,27-Mar-19,2:00:00,0,0,0,0,0,3,6,11,5,0,0,0,0,0,0,0,2,10,0,0,0,0,17,12,15,18,0,0,0,0,10,0
23779,27-Mar-19,2:10:00,0,0,0,0,0,0,10,23,4,6,10,10,0,0,0,0,16,0,0,0,0,0,2,16,12,23,2,0,0,0,2,0
23789,27-Mar-19,2:20:00,0,0,5,0,1,0,2,5,2,0,5,4,0,0,0,0,0,0,3,0,0,0,0,13,18,12,2,0,0,0,0,0
23799,27-Mar-19,2:30:00,10,0,0,12,0,2,5,9,3,0,7,0,9,0,0,0,0,1,0,0,0,0,0,11,4,16,0,0,5,0,0,0
23809,27-Mar-19,2:40:00,0,0,0,4,0,0,0,14,2,0,6,0,16,0,0,0,0,10,0,0,0,0,0,24,14,14,0,0,0,0,0,0
23819,27-Mar-19,2:50:00,0,0,0,0,0,0,6,6,2,0,6,0,0,7,0,0,0,5,0,0,0,0,0,14,1,22,0,0,0,0,16,2
23829,27-Mar-19,3:00:00,3,0,0,0,0,0,24,1,2,0,8,0,0,0,0,0,0,0,0,0,0,0,0,0,0,15,0,0,7,0,6,0
23839,27-Mar-19,3:10:00,14,10,0,4,0,0,9,0,4,0,5,0,3,0,0,5,0,0,18,0,0,0,0,0,5,16,0,0,9,0,0,0
23849,27-Mar-19,3:20:00,10,0,0,12,0,1,13,2,0,0,0,0,7,3,0,0,16,0,10,0,0,0,0,3,18,12,0,0,13,2,0,0
23859,27-Mar-19,3:30:00,0,0,0,14,0,8,12,20,2,0,0,0,0,0,0,0,10,7,0,0,0,0,0,24,20,20,0,1,15,2,2,1
23869,27-Mar-19,3:40:00,0,1,0,7,0,12,7,33,2,0,0,7,0,5,4,0,0,0,0,0,0,0,0,0,0,0,0,2,10,0,15,0
23879,27-Mar-19,3:50:00,0,0,0,5,0,0,11,28,2,0,0,28,0,0,30,0,0,0,8,0,0,0,0,0,0,0,0,14,0,0,12,0
23889,27-Mar-19,4:00:00,0,5,0,17,0,0,9,7,3,2,0,2,0,0,3,0,0,4,18,0,0,0,0,0,9,0,2,0,0,0,0,0
23899,27-Mar-19,4:10:00,0,0,3,19,0,10,1,14,2,3,4,0,12,0,0,0,0,12,4,0,0,0,0,0,16,15,3,0,0,0,0,1
23909,27-Mar-19,4:20:00,0,1,0,0,0,8,0,4,6,0,11,0,10,0,0,0,2,0,13,2,0,0,0,0,17,7,2,0,0,0,7,0
23919,27-Mar-19,4:30:00,0,0,0,0,0,10,0,6,5,6,8,0,7,0,0,12,0,3,11,0,0,0,0,6,16,0,6,1,0,0,16,0
23929,27-Mar-19,4:40:00,0,1,0,8,0,0,0,0,3,0,7,0,0,0,0,16,4,5,0,2,0,0,0,0,7,0,4,0,0,0,54,0
23939,27-Mar-19,4:50:00,0,0,5,13,0,0,0,0,6,0,0,0,0,0,0,2,24,8,0,0,0,0,2,2,20,0,24,5,0,0,12,0
23949,27-Mar-19,5:00:00,0,4,0,0,0,0,8,24,4,12,0,0,0,0,0,6,10,8,2,4,0,0,5,0,13,0,24,5,0,0,25,0
23959,27-Mar-19,5:10:00,0,15,0,0,0,0,6,13,7,8,10,0,0,0,0,0,0,1,0,2,1,0,2,0,0,6,13,2,0,0,18,0
23969,27-Mar-19,5:20:00,0,0,0,0,0,0,9,9,1,1,12,0,7,0,0,0,0,1,0,0,3,0,0,0,0,18,13,6,0,0,14,0
23979,27-Mar-19,5:30:00,0,2,0,0,0,4,9,9,3,0,0,0,0,0,0,25,0,4,2,0,0,0,0,0,11,14,10,0,0,0,0,0
23989,27-Mar-19,5:40:00,0,0,0,0,0,12,0,8,4,10,0,0,0,0,0,0,0,10,2,8,0,0,0,0,29,15,2,3,0,11,0,0
23999,27-Mar-19,5:50:00,0,0,10,0,0,0,0,5,5,12,0,0,0,0,0,6,0,0,2,0,0,0,0,9,84,12,0,0,0,16,0,0
24009,27-Mar-19,6:00:00,9,0,1,4,4,0,0,5,4,0,0,0,0,0,0,0,4,0,0,3,0,0,0,14,19,0,0,1,0,6,0,0
24019,27-Mar-19,6:10:00,9,0,0,16,11,0,8,5,1,0,13,13,5,0,0,2,2,1,0,0,6,0,0,19,32,0,2,0,0,6,0,0
24029,27-Mar-19,6:20:00,0,12,0,24,0,0,10,0,3,0,0,0,0,0,0,18,14,11,0,0,1,0,0,29,0,0,0,7,0,0,11,3
24039,27-Mar-19,6:30:00,14,16,0,18,0,0,18,0,6,0,0,0,0,0,0,12,0,1,3,9,2,0,0,22,0,0,0,0,0,0,0,5
24049,27-Mar-19,6:40:00,3,14,0,16,0,6,0,16,6,0,0,0,0,0,0,15,0,9,7,14,0,0,0,14,0,0,0,0,0,0,0,12
24059,27-Mar-19,6:50:00,0,15,0,21,0,1,20,8,6,0,2,0,8,4,0,0,0,1,0,2,1,0,0,10,0,2,24,0,3,1,0,9
24069,27-Mar-19,7:00:00,0,0,1,12,0,0,13,13,6,0,3,0,8,4,0,0,0,2,0,7,0,0,0,8,0,19,0,0,2,2,0,0
24079,27-Mar-19,7:10:00,0,0,1,15,2,0,0,19,4,3,3,0,0,9,0,0,0,0,0,14,0,0,0,15,0,14,0,0,17,4,0,0
24089,27-Mar-19,7:20:00,26,0,0,10,7,0,0,10,8,5,10,0,0,0,0,6,0,2,2,16,3,0,2,0,2,8,12,4,2,0,0,0
24099,27-Mar-19,7:30:00,7,0,0,9,0,0,16,4,6,0,21,0,0,0,0,8,0,12,0,7,0,0,6,0,11,0,6,0,4,0,0,36
24109,27-Mar-19,7:40:00,0,0,0,10,0,14,10,6,6,0,9,0,0,0,0,18,0,25,0,5,8,0,8,0,14,0,5,0,2,0,0,0
24119,27-Mar-19,7:50:00,0,0,0,9,0,0,2,11,11,0,1,0,0,0,0,13,0,16,0,0,6,0,2,0,0,0,12,0,9,0,23,0
24129,27-Mar-19,8:00:00,0,0,0,6,0,0,13,20,4,0,0,3,0,0,4,14,0,3,0,1,0,0,6,7,0,0,0,8,0,0,20,0
24139,27-Mar-19,8:10:00,0,0,0,0,0,3,10,12,3,0,0,0,0,0,6,11,1,0,0,9,1,0,0,0,0,0,0,15,4,0,4,1
24149,27-Mar-19,8:20:00,0,0,0,0,0,4,3,12,6,0,1,0,9,0,0,13,7,0,0,11,3,0,4,0,0,0,1,20,5,0,9,0
24159,27-Mar-19,8:30:00,0,0,0,0,0,0,0,6,3,0,3,0,0,0,0,14,10,4,0,7,2,2,2,0,0,0,3,15,7,0,4,6
24169,27-Mar-19,8:40:00,0,0,4,0,0,0,0,0,3,0,11,3,0,0,0,2,8,21,0,6,0,0,9,0,0,0,5,5,11,0,0,15
24179,27-Mar-19,8:50:00,10,0,11,0,7,0,0,12,2,11,2,8,0,0,0,0,9,5,17,7,5,13,24,5,0,0,6,0,37,0,0,32
24189,27-Mar-19,9:00:00,13,0,3,19,5,12,1,13,2,7,19,0,0,0,0,10,13,13,7,12,7,4,15,19,0,0,0,0,16,12,0,0
24199,27-Mar-19,9:10:00,5,0,5,19,6,2,4,1,1,8,9,9,0,0,0,2,19,0,7,14,12,11,24,6,8,0,17,9,9,17,0,0
24209,27-Mar-19,9:20:00,1,5,2,13,0,4,0,14,2,0,0,3,17,0,0,0,9,0,11,41,0,9,6,6,5,0,1,4,14,0,0,20
24219,27-Mar-19,9:30:00,0,0,9,13,0,0,0,9,1,16,0,0,1,0,10,7,5,12,11,7,11,20,15,12,15,4,13,6,23,7,0,4
24229,27-Mar-19,9:40:00,0,9,0,21,0,0,10,7,0,16,4,0,0,1,4,12,11,22,18,7,7,5,5,17,1,3,3,20,13,0,0,21
24239,27-Mar-19,9:50:00,4,22,0,7,12,0,9,0,2,6,3,0,0,0,6,2,9,12,13,12,0,18,6,17,9,16,4,5,11,1,0,17
24249,27-Mar-19,10:00:00,14,21,12,6,12,3,15,12,1,3,14,3,11,1,11,13,3,7,14,14,1,7,18,8,6,7,0,3,11,8,7,14
24259,27-Mar-19,10:10:00,8,24,7,2,2,2,5,10,0,4,6,3,8,3,8,10,3,6,16,4,0,5,14,4,0,0,5,7,4,7,13,13
24269,27-Mar-19,10:20:00,18,20,9,2,4,4,11,4,0,4,3,0,6,2,37,6,1,14,11,0,2,3,16,10,3,3,7,6,7,5,15,14
24279,27-Mar-19,10:30:00,2,0,2,5,0,4,5,5,0,4,0,0,6,2,4,1,0,9,3,5,0,1,14,6,5,0,3,0,8,5,6,18
24289,27-Mar-19,10:40:00,7,0,0,2,5,0,1,12,0,0,5,0,0,1,2,12,0,9,6,5,0,6,1,28,3,0,2,0,0,6,6,14
24299,27-Mar-19,10:50:00,9,0,4,1,9,0,23,8,0,5,0,0,0,2,4,6,17,10,12,0,0,7,6,9,0,0,0,2,7,8,13,10
24309,27-Mar-19,11:00:00,9,0,0,0,8,0,2,11,0,4,0,13,0,0,0,7,6,11,9,0,0,0,13,10,7,0,0,2,5,6,4,8
24319,27-Mar-19,11:10:00,9,0,5,0,4,0,9,0,0,0,0,0,0,0,0,10,8,11,0,7,0,7,10,8,0,0,7,5,8,2,12,9
24329,27-Mar-19,11:20:00,11,0,7,0,2,1,0,3,0,0,0,11,0,0,0,1,1,5,10,6,0,3,16,0,3,0,2,2,9,5,9,5
24339,27-Mar-19,11:30:00,7,0,7,0,0,0,0,10,0,0,0,2,3,0,0,7,1,14,0,1,0,0,4,4,2,6,4,17,6,0,15,11
24349,27-Mar-19,11:40:00,13,0,0,0,0,0,0,5,0,0,8,0,0,0,0,5,3,5,0,1,0,1,0,0,0,4,7,3,4,9,8,21
24359,27-Mar-19,11:50:00,12,0,0,0,0,0,0,3,0,0,0,0,0,0,0,11,4,4,0,2,0,7,8,8,0,0,2,0,10,3,4,14
24369,27-Mar-19,12:00:00,17,0,0,0,0,0,0,8,0,0,0,0,0,3,0,8,0,6,2,0,2,4,6,10,0,0,12,0,7,5,10,3
24379,27-Mar-19,12:10:00,9,0,0,0,0,0,0,5,0,0,0,2,2,1,0,2,0,5,4,0,0,6,10,6,0,0,2,0,12,6,11,2
24389,27-Mar-19,12:20:00,13,0,0,1,0,0,0,9,0,0,0,2,0,6,0,7,0,1,0,0,0,0,9,0,0,0,2,0,4,4,7,5
24399,27-Mar-19,12:30:00,11,0,0,3,0,0,0,6,0,0,0,6,1,3,0,2,0,8,1,0,0,0,6,1,0,0,8,0,10,4,2,6
24409,27-Mar-19,12:40:00,5,0,0,1,0,0,0,1,0,0,0,5,0,0,0,6,2,0,1,0,0,0,3,9,0,0,4,6,6,6,1,7
24419,27-Mar-19,12:50:00,11,0,0,2,5,0,2,4,0,0,2,6,0,0,0,4,2,11,2,0,1,0,13,0,0,0,0,6,5,4,0,10
24429,27-Mar-19,13:00:00,16,0,0,0,1,3,0,9,0,0,2,8,0,0,0,9,8,2,6,0,1,0,7,0,0,0,0,2,4,2,2,3
24439,27-Mar-19,13:10:00,11,0,0,3,0,2,0,0,0,0,0,3,0,0,0,1,5,2,0,0,2,9,12,0,0,0,0,7,3,5,0,15
24449,27-Mar-19,13:20:00,17,0,0,0,0,2,1,5,0,0,0,5,0,0,0,6,0,13,1,0,4,0,12,0,0,0,8,1,7,2,0,13
24459,27-Mar-19,13:30:00,0,0,6,0,14,2,1,4,0,0,0,2,0,8,3,0,10,0,1,1,4,0,1,0,0,0,1,13,4,4,0,2
24469,27-Mar-19,13:40:00,0,0,8,0,4,4,13,5,0,0,0,4,7,2,6,4,6,3,0,3,1,0,8,0,0,0,7,0,4,6,0,6
24479,27-Mar-19,13:50:00,1,0,4,4,8,4,6,2,0,8,0,8,3,1,13,0,1,9,2,10,0,0,4,0,0,0,6,2,3,2,0,5
24489,27-Mar-19,14:00:00,13,0,9,3,2,5,3,2,0,6,0,4,8,0,1,10,5,8,0,2,4,4,8,7,0,3,5,3,6,2,5,11
24499,27-Mar-19,14:10:00,0,0,3,1,0,1,0,3,0,0,0,0,3,4,3,0,0,1,0,0,4,10,5,4,1,4,0,0,6,3,0,10
24509,27-Mar-19,14:20:00,0,0,5,0,6,2,8,1,0,0,2,4,0,5,8,14,0,2,3,0,0,0,9,8,5,0,0,8,7,1,0,9
24519,27-Mar-19,14:30:00,0,0,2,0,0,0,1,3,0,0,7,1,0,7,3,0,9,4,0,0,7,0,0,9,4,0,0,0,2,0,23,1
24529,27-Mar-19,14:40:00,0,0,2,2,2,4,0,0,0,2,0,6,0,0,5,4,0,4,0,0,0,9,12,13,0,0,4,0,4,0,2,3
24539,27-Mar-19,14:50:00,0,0,0,0,0,0,7,0,0,0,5,2,4,0,8,2,0,4,0,0,13,7,2,1,8,0,1,0,4,0,5,5
24549,27-Mar-19,15:00:00,0,0,4,7,7,0,0,0,0,0,0,0,12,0,0,10,0,2,2,0,0,12,5,15,1,4,3,4,2,0,0,14
24559,27-Mar-19,15:10:00,0,0,2,2,0,0,0,2,0,0,5,0,0,0,0,16,0,5,1,0,3,2,8,4,3,5,0,0,1,0,2,8
24569,27-Mar-19,15:20:00,0,0,0,0,3,0,0,0,0,0,0,0,0,0,0,0,1,0,0,0,2,2,6,7,1,0,0,0,4,0,1,16
24579,27-Mar-19,15:30:00,0,0,0,3,1,4,0,4,0,0,2,6,0,0,0,6,7,6,0,0,0,10,5,0,0,0,3,0,2,0,2,17
24589,27-Mar-19,15:40:00,0,0,0,3,0,2,0,0,0,0,2,0,8,1,0,2,0,0,0,0,0,0,6,8,0,0,8,0,3,0,0,5
24599,27-Mar-19,15:50:00,0,0,0,2,0,2,0,0,0,0,4,2,0,1,0,4,4,2,0,4,6,13,7,4,0,0,1,0,5,0,0,5
24609,27-Mar-19,16:00:00,0,0,0,0,0,2,4,0,0,0,0,13,0,1,0,0,20,0,0,0,2,6,8,0,0,9,2,0,0,0,0,2
24619,27-Mar-19,16:10:00,0,0,0,0,3,2,0,0,0,0,0,0,10,8,0,0,14,0,2,0,4,9,7,0,0,1,0,0,0,0,0,10
24629,27-Mar-19,16:20:00,0,0,0,4,0,2,0,0,0,0,0,0,1,0,9,0,6,0,0,0,0,0,5,2,0,0,4,2,0,0,0,10
24639,27-Mar-19,16:30:00,3,0,5,0,0,5,0,0,0,0,0,0,0,0,7,0,0,0,0,0,3,0,7,0,2,0,0,0,0,2,0,13
24649,27-Mar-19,16:40:00,0,0,11,0,0,0,0,0,0,0,1,0,0,0,0,2,0,0,0,0,0,0,6,2,0,0,3,0,0,0,0,8
24659,27-Mar-19,16:50:00,0,0,4,3,0,2,0,7,0,0,1,0,0,0,3,0,0,0,0,0,0,4,6,0,0,0,0,0,0,0,0,9
24669,27-Mar-19,17:00:00,0,0,0,1,0,0,0,5,0,0,0,0,4,0,4,0,5,0,0,0,0,0,2,4,0,0,2,0,0,0,0,8
24679,27-Mar-19,17:10:00,0,0,0,5,0,0,0,0,0,0,0,0,0,0,2,0,0,0,0,0,0,0,3,0,0,0,5,0,0,0,0,5
24689,27-Mar-19,17:20:00,0,0,10,0,0,2,0,0,0,2,0,1,0,0,0,0,6,0,0,0,0,0,5,0,0,0,0,0,0,0,0,6
24699,27-Mar-19,17:30:00,0,0,10,0,0,6,0,0,0,0,7,0,0,0,9,0,1,0,0,0,4,3,8,0,0,5,0,0,0,0,0,17
24709,27-Mar-19,17:40:00,7,0,5,0,0,0,0,0,0,0,0,0,0,0,2,0,0,0,0,6,2,3,0,0,0,5,0,0,0,2,0,13
24719,27-Mar-19,17:50:00,14,0,0,0,6,0,0,0,0,0,4,0,0,0,0,0,1,0,4,0,0,4,8,3,0,0,0,8,0,0,0,5
24729,27-Mar-19,18:00:00,6,0,0,4,0,6,0,0,0,0,0,0,0,0,8,0,16,0,0,0,7,0,4,1,0,0,0,0,0,0,0,2
24739,27-Mar-19,18:10:00,4,0,0,0,0,1,0,5,0,0,21,0,0,0,0,0,11,0,0,0,0,0,6,0,2,6,0,0,0,0,0,3
24749,27-Mar-19,18:20:00,2,0,9,3,0,0,0,0,0,1,0,0,0,0,0,0,12,0,0,0,0,0,4,0,0,0,0,0,0,0,0,3
24759,27-Mar-19,18:30:00,2,0,7,0,0,0,0,0,0,6,5,0,0,0,6,0,0,0,0,0,2,0,12,0,0,5,0,2,0,0,0,2
24769,27-Mar-19,18:40:00,0,0,0,1,0,0,0,0,0,3,0,0,0,0,0,0,0,0,0,0,7,0,5,4,0,5,0,0,0,0,0,1
24779,27-Mar-19,18:50:00,0,0,15,1,0,0,0,0,0,1,0,0,0,1,3,0,0,0,0,0,4,3,4,5,0,3,0,7,0,0,0,2
24789,27-Mar-19,19:00:00,0,0,0,0,0,0,0,0,0,0,1,0,0,5,4,0,0,0,0,0,0,2,8,2,9,0,0,2,0,19,0,1
24799,27-Mar-19,19:10:00,0,0,0,0,0,0,0,0,0,0,5,0,0,0,0,0,0,0,0,0,0,4,2,5,3,0,0,0,0,0,0,0
24809,27-Mar-19,19:20:00,0,0,0,0,0,0,0,0,0,0,0,0,9,0,0,0,13,0,3,0,0,4,10,4,0,0,0,0,0,0,0,4
24819,27-Mar-19,19:30:00,0,0,0,0,0,0,0,0,0,0,0,0,8,0,0,0,9,0,0,0,0,0,4,1,2,2,0,2,0,0,0,1
24829,27-Mar-19,19:40:00,0,0,0,0,0,0,0,0,0,2,10,0,0,0,3,0,14,0,0,0,2,2,1,2,2,0,0,3,0,0,0,1
24839,27-Mar-19,19:50:00,0,0,7,1,0,0,0,0,0,0,2,0,0,0,8,0,22,0,0,0,2,2,10,2,3,0,0,2,0,0,0,1
24849,27-Mar-19,20:00:00,6,0,1,1,0,0,7,0,0,2,8,0,0,2,0,0,18,0,0,0,7,0,0,0,3,0,0,0,0,0,0,1
24859,27-Mar-19,20:10:00,0,0,0,0,0,0,0,0,0,0,1,0,0,1,0,0,19,0,0,0,0,0,0,32,6,0,0,0,0,0,0,1
24869,27-Mar-19,20:20:00,0,0,1,5,0,0,0,0,0,9,0,0,0,2,7,0,15,0,0,0,0,0,8,17,3,0,0,0,0,0,0,0
24879,27-Mar-19,20:30:00,0,0,4,6,0,0,0,8,0,0,0,0,12,0,0,0,9,0,0,1,0,0,0,0,0,0,0,3,0,0,0,0
24889,27-Mar-19,20:40:00,0,0,5,0,0,0,0,1,0,0,0,0,0,0,0,0,14,0,0,3,2,0,0,0,0,0,0,3,0,0,0,0
24899,27-Mar-19,20:50:00,7,0,0,5,0,0,0,0,0,0,0,0,13,0,2,0,12,0,0,0,0,4,0,0,0,0,0,0,0,0,0,1
24909,27-Mar-19,21:00:00,0,0,0,0,0,0,0,0,0,0,0,0,6,0,7,0,20,0,0,5,1,4,0,0,0,0,0,5,0,0,0,1
24919,27-Mar-19,21:10:00,0,0,0,0,0,0,0,3,0,0,0,0,0,0,15,0,7,0,0,0,7,2,0,0,0,0,0,2,0,0,0,0
24929,27-Mar-19,21:20:00,1,0,12,0,0,0,0,4,0,0,0,0,0,8,0,0,0,0,0,9,0,0,0,0,0,0,0,0,0,0,0,0
24939,27-Mar-19,21:30:00,0,0,0,0,0,0,0,0,0,0,0,0,0,6,0,0,0,0,0,9,0,4,0,0,0,0,0,0,0,0,0,0
24949,27-Mar-19,21:40:00,0,0,3,3,0,0,0,0,0,0,0,0,1,0,0,0,0,0,0,4,3,4,0,0,0,0,0,0,0,0,0,0
24959,27-Mar-19,21:50:00,0,0,0,0,0,0,2,9,0,0,0,0,7,0,0,0,0,0,0,11,11,3,0,0,0,0,0,0,0,0,0,0
24969,27-Mar-19,22:00:00,0,0,0,0,3,0,18,5,0,0,0,0,7,8,8,0,0,0,0,14,2,2,0,0,0,0,0,0,0,0,0,0
24979,27-Mar-19,22:10:00,6,0,4,0,3,0,1,0,0,0,0,0,11,2,0,0,0,0,0,0,1,0,0,0,0,0,0,8,0,0,0,0
24989,27-Mar-19,22:20:00,0,0,0,0,0,0,0,7,0,0,0,0,0,0,0,0,0,0,0,2,0,0,0,0,0,0,0,0,0,0,0,0
24999,27-Mar-19,22:30:00,0,0,8,0,5,0,0,6,0,0,0,0,5,0,14,0,0,0,0,2,4,4,0,0,0,0,0,8,0,0,0,0
25009,27-Mar-19,22:40:00,0,0,10,0,0,0,0,0,0,0,0,0,9,0,0,0,0,0,0,10,1,0,0,0,0,0,0,2,0,0,0,0
25019,27-Mar-19,22:50:00,0,0,5,0,8,0,3,26,0,0,0,0,6,3,0,0,0,0,0,3,0,0,0,0,0,0,0,0,0,0,0,0
25029,27-Mar-19,23:00:00,0,0,1,0,0,0,10,3,0,0,0,0,5,8,0,0,0,0,0,8,0,0,0,0,0,0,0,1,0,0,0,0
25039,27-Mar-19,23:10:00,0,0,0,0,0,0,4,0,0,0,0,0,5,2,0,0,0,0,0,0,0,0,0,0,0,0,0,2,0,0,0,0
25049,27-Mar-19,23:20:00,0,0,0,0,0,0,11,7,0,0,0,0,0,0,0,0,0,0,0,8,0,0,0,0,0,0,0,0,0,0,0,0
25059,27-Mar-19,23:30:00,0,0,0,0,0,0,4,8,0,0,0,0,1,0,0,0,0,0,0,2,0,0,0,0,0,0,0,10,0,0,0,0
25069,27-Mar-19,23:40:00,0,0,0,0,6,0,6,0,0,0,0,0,0,0,0,0,0,0,0,16,0,0,0,0,0,0,0,6,0,0,0,0
25079,27-Mar-19,23:50:00,0,0,0,0,0,0,13,15,0,0,0,0,0,7,0,0,0,0,0,22,0,0,0,0,0,0,0,0,0,0,0,0
25089,28-Mar-19,0:00:00,0,0,0,0,2,0,8,8,0,0,0,0,0,0,0,0,0,0,0,7,23,0,0,0,0,0,0,0,0,0,0,0
25099,28-Mar-19,0:10:00,0,0,0,0,2,0,9,16,0,0,0,0,0,6,0,0,0,0,0,6,10,0,0,0,0,0,0,0,0,0,0,0
25109,28-Mar-19,0:20:00,0,0,0,0,2,0,2,0,0,0,0,0,0,1,0,0,0,0,0,10,25,0,0,0,0,0,0,0,0,0,0,0
25119,28-Mar-19,0:30:00,0,0,0,0,13,0,10,0,0,0,0,0,0,1,0,0,0,0,0,2,0,0,0,0,0,0,0,0,0,0,0,0
25129,28-Mar-19,0:40:00,0,0,0,0,0,0,4,7,0,0,0,0,0,2,0,0,0,0,0,17,0,0,0,0,0,0,0,0,0,0,0,0
25139,28-Mar-19,0:50:00,0,0,0,0,0,0,1,0,0,0,0,0,0,2,0,0,0,0,0,5,0,0,0,0,0,0,0,0,0,0,0,0
25149,28-Mar-19,1:00:00,0,0,0,0,11,0,20,0,0,0,0,0,0,6,0,0,0,0,0,5,21,0,0,0,0,0,0,0,0,0,0,0
25159,28-Mar-19,1:10:00,0,0,0,0,2,0,0,0,0,0,0,0,0,4,0,0,0,0,0,4,11,0,0,0,0,0,0,0,0,0,0,0
25169,28-Mar-19,1:20:00,0,0,0,0,12,0,0,0,0,0,0,0,0,2,0,0,0,0,0,0,0,0,0,0,0,0,0,0,0,0,0,0
25179,28-Mar-19,1:30:00,0,0,0,0,0,0,0,0,0,0,0,0,0,18,0,0,0,0,0,0,0,0,0,0,0,0,0,0,0,0,0,0
25189,28-Mar-19,1:40:00,0,0,0,0,13,0,0,0,0,0,0,0,0,1,0,0,0,0,0,0,0,0,0,0,0,0,0,0,0,0,0,0
25199,28-Mar-19,1:50:00,0,0,0,0,0,0,0,0,0,0,0,0,0,7,0,0,0,0,0,0,0,0,0,0,0,0,0,0,0,0,0,0
25209,28-Mar-19,2:00:00,0,0,0,0,0,0,0,0,0,0,0,0,0,0,0,0,0,0,0,0,1,0,0,0,0,0,0,0,0,0,0,0
25219,28-Mar-19,2:10:00,0,0,0,0,0,0,0,0,0,0,0,0,0,8,0,0,0,0,0,0,5,0,0,0,0,0,0,0,0,0,0,0
25229,28-Mar-19,2:20:00,0,0,0,0,14,0,19,0,0,0,0,0,0,2,0,0,0,0,0,0,1,0,0,0,0,0,0,0,0,0,0,0
25239,28-Mar-19,2:30:00,0,0,0,0,17,0,0,0,0,0,0,0,0,8,0,0,0,0,0,0,3,0,0,0,0,0,0,0,0,0,0,0
25249,28-Mar-19,2:40:00,0,0,0,0,2,0,0,0,0,0,0,0,0,14,0,0,0,0,0,0,0,0,0,0,0,0,0,0,0,0,0,0
25259,28-Mar-19,2:50:00,0,0,0,0,3,0,0,0,0,0,0,0,0,4,0,0,0,0,0,0,4,0,0,0,0,0,0,0,0,0,0,0
25269,28-Mar-19,3:00:00,0,0,0,0,6,0,0,0,0,0,0,0,0,8,0,0,0,0,0,0,1,0,0,0,0,0,0,0,0,0,0,0
25279,28-Mar-19,3:10:00,0,0,0,0,0,0,0,0,0,0,0,0,0,0,0,0,0,0,0,0,0,0,0,0,0,0,0,0,0,0,0,0
25289,28-Mar-19,3:20:00,0,0,0,0,0,0,0,0,0,0,0,0,0,0,0,0,0,0,0,0,0,0,0,0,0,0,0,0,0,0,0,0
25299,28-Mar-19,3:30:00,0,0,0,0,0,0,0,0,0,0,0,0,0,0,0,0,0,0,0,0,3,0,0,0,0,0,0,0,0,0,0,0
25309,28-Mar-19,3:40:00,0,0,0,0,0,0,0,0,0,0,0,0,0,0,0,0,0,0,0,0,4,0,0,0,0,0,0,0,0,0,0,0
25319,28-Mar-19,3:50:00,0,0,0,0,0,0,0,0,0,0,0,0,0,0,0,0,0,0,0,0,7,0,0,0,0,0,0,0,0,0,0,0
25329,28-Mar-19,4:00:00,0,0,0,0,3,0,0,0,0,0,0,0,0,0,0,0,0,0,0,0,0,0,0,0,0,0,0,0,0,0,0,0
25339,28-Mar-19,4:10:00,0,0,0,0,15,0,0,0,0,0,0,0,0,0,0,0,0,0,0,0,0,0,0,0,0,0,0,0,0,0,0,0
25349,28-Mar-19,4:20:00,0,0,0,0,19,0,0,0,0,0,0,0,0,0,0,0,0,0,0,0,0,0,0,0,0,0,0,0,0,0,0,0
25359,28-Mar-19,4:30:00,0,0,0,0,25,0,0,0,0,0,0,0,0,0,0,0,0,0,0,0,1,0,0,0,0,0,0,0,0,0,0,0
25369,28-Mar-19,4:40:00,0,0,0,0,0,0,0,0,0,0,0,0,0,0,0,0,0,0,0,0,0,0,0,0,0,0,0,0,0,0,0,0
25379,28-Mar-19,4:50:00,0,0,0,0,0,0,0,0,0,0,0,0,0,0,0,0,0,0,0,0,0,0,0,0,0,0,0,0,0,0,0,0
25389,28-Mar-19,5:00:00,0,0,0,0,0,0,0,0,0,0,0,0,0,0,0,0,0,0,0,0,0,0,0,0,0,0,0,0,0,0,0,0
25399,28-Mar-19,5:10:00,0,0,0,0,0,0,0,0,0,0,0,0,0,0,0,0,0,0,0,0,0,0,0,0,0,0,0,0,0,0,0,0
25409,28-Mar-19,5:20:00,0,0,0,0,0,0,0,0,0,0,0,0,0,0,0,0,0,0,0,0,0,0,0,0,0,0,0,0,0,0,0,0
25419,28-Mar-19,5:30:00,0,0,0,0,0,0,0,0,0,0,0,0,0,0,0,0,0,0,0,0,0,0,0,0,0,0,0,0,0,0,0,0
25429,28-Mar-19,5:40:00,0,0,0,0,0,0,0,0,0,0,0,0,0,0,0,0,0,0,0,0,0,0,0,0,0,0,0,0,0,0,0,0
25439,28-Mar-19,5:50:00,0,0,0,0,0,0,0,0,0,0,0,0,0,0,0,0,0,0,0,0,0,0,0,0,0,0,0,0,0,0,0,0
25449,28-Mar-19,6:00:00,0,0,0,0,0,0,0,0,0,0,0,0,0,0,0,0,0,0,0,0,0,0,0,0,0,0,0,0,0,0,0,0
25459,28-Mar-19,6:10:00,0,0,0,0,0,0,0,0,0,0,0,0,0,0,0,0,0,0,0,0,0,0,0,0,0,0,0,0,0,0,0,0
25469,28-Mar-19,6:20:00,0,0,0,0,0,0,0,0,0,0,0,0,0,0,0,0,0,0,0,0,0,0,0,0,0,0,0,0,0,0,0,0
25479,28-Mar-19,6:30:00,0,0,0,0,0,0,0,0,0,0,0,0,0,0,0,0,0,0,0,0,0,0,0,0,0,0,0,0,0,0,0,0
25489,28-Mar-19,6:40:00,0,0,0,0,0,0,0,0,0,0,0,0,0,0,0,0,0,0,0,0,0,0,0,0,0,0,0,0,0,0,0,0
25499,28-Mar-19,6:50:00,0,0,0,0,0,0,0,0,0,0,0,0,0,0,0,0,0,0,0,0,0,0,0,0,0,0,0,0,0,0,0,0
25509,28-Mar-19,7:00:00,0,0,0,0,0,0,0,0,0,0,0,0,0,0,0,0,0,0,0,0,1,0,0,0,0,0,0,0,0,0,0,0
25519,28-Mar-19,7:10:00,0,0,0,0,0,0,0,0,0,0,0,0,0,0,0,0,0,0,0,0,0,0,0,0,0,0,0,0,0,0,0,0
25529,28-Mar-19,7:20:00,0,0,0,0,0,0,0,0,0,0,0,0,0,0,0,0,0,0,0,0,0,0,0,0,0,0,0,0,0,0,0,0
25539,28-Mar-19,7:30:00,0,0,0,0,0,0,0,0,0,0,0,0,0,0,0,0,0,0,0,0,0,0,0,0,0,0,0,0,0,0,0,0
25549,28-Mar-19,7:40:00,0,0,0,0,0,0,0,0,0,0,0,0,0,0,0,0,0,0,0,0,0,0,0,0,0,0,0,0,0,0,0,0
25559,28-Mar-19,7:50:00,0,0,0,0,0,0,0,0,0,0,0,0,0,0,0,0,0,0,0,0,0,0,0,0,0,0,0,0,0,0,0,0
25569,28-Mar-19,8:00:00,0,0,0,0,0,0,0,0,0,0,0,0,0,0,0,0,0,0,0,0,0,0,0,0,0,0,0,0,0,0,0,0
25579,28-Mar-19,8:10:00,0,0,0,0,0,0,0,0,0,0,0,0,0,0,0,0,0,0,0,0,0,0,0,0,0,0,0,0,0,0,0,0
25589,28-Mar-19,8:20:00,0,0,0,0,0,0,0,0,0,0,0,0,0,0,0,0,0,0,0,0,0,0,0,0,0,0,0,0,0,0,0,0
25599,28-Mar-19,8:30:00,0,0,0,0,0,0,0,0,0,0,0,0,0,0,0,0,0,0,0,0,0,0,0,0,0,0,0,0,0,0,0,0
25609,28-Mar-19,8:40:00,0,0,0,0,0,0,0,0,0,0,0,0,0,0,0,0,0,0,0,0,0,0,0,0,0,0,0,0,0,0,0,0
25619,28-Mar-19,8:50:00,0,0,0,0,0,0,0,0,0,0,0,0,0,0,0,0,0,0,0,0,0,0,0,0,0,0,0,0,0,0,0,0
25629,28-Mar-19,9:00:00,0,0,0,0,0,0,0,0,0,0,0,0,0,0,0,0,0,0,0,0,0,0,0,0,0,0,0,0,0,0,0,0
25639,28-Mar-19,9:10:00,0,0,0,0,0,0,0,0,0,0,0,0,0,0,0,0,0,0,0,0,0,0,0,0,0,0,0,0,0,0,0,0
25649,28-Mar-19,9:20:00,0,0,0,0,0,0,0,0,0,0,0,0,0,0,0,0,0,0,0,0,0,0,0,0,0,0,0,0,0,0,0,0
25659,28-Mar-19,9:30:00,0,0,0,0,0,0,0,0,0,0,0,0,0,0,0,0,0,0,0,0,0,0,0,0,0,0,0,0,0,0,0,0
25669,28-Mar-19,9:40:00,0,0,0,0,0,0,0,0,0,0,0,0,0,0,0,0,0,0,0,0,0,0,0,0,0,0,0,0,0,0,0,0
25679,28-Mar-19,9:50:00,0,0,0,0,0,0,0,0,0,0,0,0,0,0,0,0,0,0,0,0,0,0,0,0,0,0,0,0,0,0,0,0
25689,28-Mar-19,10:00:00,0,0,0,0,0,0,0,0,0,0,0,0,0,0,0,0,0,0,0,0,0,0,0,0,0,0,0,0,0,0,0,0
25699,28-Mar-19,10:10:00,0,0,0,0,0,0,0,0,0,0,0,0,0,0,0,0,0,0,0,0,0,0,0,0,0,0,0,0,0,0,0,0
25709,28-Mar-19,10:20:00,0,0,0,0,0,0,0,0,0,0,0,0,0,0,0,0,0,0,0,0,0,0,0,0,0,0,0,0,0,0,0,0
25719,28-Mar-19,10:30:00,0,0,0,0,0,0,0,0,0,0,0,0,0,0,0,0,0,0,0,0,0,0,0,0,0,0,0,0,0,0,0,0
25729,28-Mar-19,10:40:00,0,0,0,0,0,0,0,0,0,0,0,0,0,0,0,0,0,0,0,0,0,0,0,0,0,0,0,0,0,0,0,1
25739,28-Mar-19,10:50:00,0,0,0,0,0,0,0,0,0,0,0,0,0,0,0,0,0,0,0,0,0,0,0,0,0,0,0,0,0,0,0,0
25749,28-Mar-19,11:00:00,0,0,0,0,0,0,0,0,0,0,0,0,0,0,0,0,0,0,0,0,0,0,0,0,0,0,0,0,0,0,0,0
25759,28-Mar-19,11:10:00,0,0,0,0,0,0,0,0,0,0,0,0,0,0,0,0,0,0,0,0,0,0,0,0,0,0,0,0,0,0,0,0
25769,28-Mar-19,11:20:00,0,0,0,0,0,0,0,0,0,0,0,0,0,0,0,0,0,0,0,0,0,0,0,0,0,0,0,0,0,0,0,0
25779,28-Mar-19,11:30:00,0,0,0,0,0,0,0,0,0,0,0,0,0,0,0,0,0,0,0,0,0,0,0,0,0,0,0,0,0,0,0,0
25789,28-Mar-19,11:40:00,0,0,0,0,0,0,0,0,0,0,0,0,0,0,0,0,0,0,0,0,0,0,0,0,0,0,0,0,0,0,0,0
25799,28-Mar-19,11:50:00,0,0,0,0,0,0,0,0,0,0,0,0,0,0,0,0,0,0,0,0,0,0,0,0,0,0,0,0,0,0,0,0
25809,28-Mar-19,12:00:00,0,0,0,0,0,0,0,0,0,0,0,0,0,0,0,0,0,0,0,0,0,0,0,0,0,0,0,0,0,0,0,0
25819,28-Mar-19,12:10:00,0,0,0,0,0,0,0,0,0,0,0,0,0,0,0,0,0,0,0,0,0,0,0,0,0,0,0,0,0,0,0,0
25829,28-Mar-19,12:20:00,0,0,0,0,0,0,0,0,0,0,0,0,0,0,0,0,0,0,0,0,0,0,0,0,0,0,0,0,0,0,0,0
25839,28-Mar-19,12:30:00,0,0,0,0,0,0,0,0,0,0,0,0,0,0,0,0,0,0,0,0,0,0,0,0,0,0,0,0,0,0,0,0
25849,28-Mar-19,12:40:00,0,0,0,0,0,0,0,0,0,0,0,0,0,0,0,0,0,0,0,0,0,0,0,0,0,0,0,0,0,0,0,0
25859,28-Mar-19,12:50:00,0,0,0,0,0,0,0,0,0,0,0,0,0,0,0,0,0,0,0,0,0,0,0,0,0,0,0,0,0,0,0,0
25869,28-Mar-19,13:00:00,0,0,0,0,0,0,0,0,0,0,0,0,0,0,0,0,0,0,0,0,0,0,0,0,0,0,0,0,0,0,0,0
25879,28-Mar-19,13:10:00,0,0,0,0,0,0,0,0,0,0,0,0,0,0,0,0,0,0,0,0,0,0,0,0,0,0,0,0,0,0,0,1
25889,28-Mar-19,13:20:00,0,0,0,0,0,0,0,0,0,0,0,0,0,0,0,0,0,0,0,0,0,0,0,0,0,0,0,0,0,0,0,1
25899,28-Mar-19,13:30:00,0,0,0,0,0,0,0,0,0,0,0,0,0,0,0,0,0,0,0,0,0,0,0,0,0,0,0,0,0,0,0,0
25909,28-Mar-19,13:40:00,0,0,0,0,0,0,0,0,0,0,0,0,0,0,0,0,0,0,0,0,0,0,0,0,0,0,0,0,0,0,0,0
25919,28-Mar-19,13:50:00,0,0,0,0,0,0,0,0,0,0,0,0,0,0,0,0,0,0,0,0,0,0,0,0,0,0,0,0,0,0,0,0
25929,28-Mar-19,14:00:00,0,0,0,0,0,0,0,0,0,0,0,0,0,0,0,0,0,0,0,0,0,0,0,0,0,0,0,0,0,0,0,0
25939,28-Mar-19,14:10:00,0,0,0,0,0,0,0,0,0,0,0,0,0,0,0,0,0,0,0,0,0,0,0,0,0,0,0,0,0,0,0,0
25949,28-Mar-19,14:20:00,0,0,0,0,0,0,0,0,0,0,0,0,0,0,0,0,0,0,0,0,0,0,0,0,0,0,0,0,0,0,0,0
25959,28-Mar-19,14:30:00,0,0,0,0,0,0,0,0,0,0,0,0,0,0,0,0,0,0,0,0,0,0,0,0,0,0,0,0,0,0,0,0
25969,28-Mar-19,14:40:00,0,0,0,0,0,0,0,0,0,0,0,0,0,0,0,0,0,0,0,0,0,0,0,0,0,0,0,0,0,0,0,0
25979,28-Mar-19,14:50:00,0,0,0,0,0,0,0,0,0,0,0,0,0,0,0,0,0,0,0,0,0,0,0,0,0,0,0,0,0,0,0,0
25989,28-Mar-19,15:00:00,0,0,0,0,0,0,0,0,0,0,0,0,0,0,0,0,0,0,0,0,0,0,0,0,0,0,0,0,0,0,0,2
25999,28-Mar-19,15:10:00,0,0,0,0,0,0,0,0,0,0,0,0,0,0,0,0,0,0,0,0,0,0,0,0,0,0,0,0,0,0,0,0
26009,28-Mar-19,15:20:00,0,0,0,0,0,0,0,0,0,0,0,0,0,0,0,0,0,0,0,0,0,0,0,0,0,0,0,0,0,0,0,1
26019,28-Mar-19,15:30:00,0,0,0,0,0,0,0,0,0,0,0,0,0,0,0,0,0,0,0,0,0,0,0,0,0,0,0,0,0,0,0,0
26029,28-Mar-19,15:40:00,0,0,0,0,0,0,0,0,0,0,0,0,0,0,0,0,0,0,0,0,0,0,0,0,0,0,0,0,0,0,0,2
26039,28-Mar-19,15:50:00,0,0,0,0,0,0,0,0,0,0,0,0,0,0,0,0,0,0,0,0,0,0,0,0,0,0,0,0,0,0,0,0
26049,28-Mar-19,16:00:00,0,0,0,0,0,0,0,0,0,0,0,0,0,0,0,0,0,0,0,0,0,0,0,0,0,0,0,0,0,0,0,0
26059,28-Mar-19,16:10:00,0,0,0,0,0,0,0,0,0,0,0,0,0,0,0,0,0,0,0,0,0,0,0,0,0,0,0,0,0,0,0,0
26069,28-Mar-19,16:20:00,0,0,0,0,0,0,0,0,0,0,0,0,0,0,0,0,0,0,0,0,0,0,0,0,0,0,0,0,0,0,0,1
26079,28-Mar-19,16:30:00,0,0,0,0,0,0,0,0,0,0,0,0,0,0,0,0,0,0,0,0,0,0,0,0,0,0,0,0,0,0,0,0
26089,28-Mar-19,16:40:00,0,0,0,0,0,0,0,0,0,0,0,0,0,0,0,0,0,0,0,0,0,0,0,0,0,0,0,0,0,0,0,1
26099,28-Mar-19,16:50:00,0,0,0,0,0,0,0,0,0,0,0,0,0,0,0,0,0,0,0,0,0,0,0,0,0,0,0,0,0,0,0,1
26109,28-Mar-19,17:00:00,0,0,0,0,0,0,0,0,0,0,0,0,0,0,0,0,0,0,0,0,0,0,0,0,0,0,0,0,0,0,0,4
26112,28-Mar-19,17:10:00,0,0,0,0,0,0,0,0,0,0,0,0,0,0,0,0,0,0,0,0,0,0,0,0,0,0,0,0,0,0,0,0
,,,,,,,,,,,,,,,,,,,,,,,,,,,,,,,,,,
,,,24989,24279,25039,24959,25369,24749,25239,25139,24259,24879,24869,24699,25069,25279,25009,24659,24929,24609,24819,25169,25519,25009,24879,24879,24879,24829,24689,25079,24609,24799,24589,24919