track,original_slice,T_frame,X_pixel,Y_pixel,Z_slice,T_s,X_microns,Y_microns,Z_microns,speed,velocity,speed_2D
1.0,1874.0,69.0,163.0,82.0,11.0,432.63,17.767,8.938,16.5,0.0,0.0,0.0
1.0,1901.0,70.0,148.0,94.0,11.0,438.9,16.132,10.246,16.5,0.33394284300487076,-0.33394284300487076,0.33394284300487076
1.0,1928.0,71.0,126.0,105.0,11.0,445.16999999999996,13.734,11.445,16.5,0.42759896411838105,-0.42759896411838105,0.42759896411838105
1.0,1955.0,72.0,121.0,122.0,11.0,451.43999999999994,13.189,13.298,16.5,0.3080518215290206,-0.3080518215290206,0.3080518215290206
2.0,2552.0,94.0,174.0,78.0,14.0,589.38,18.966,8.502,21.0,1.3961069228433187,1.3961069228433187,1.197504255708519
2.0,2578.0,95.0,160.0,108.0,13.0,595.65,17.44,11.772,19.5,0.6232673660681253,-0.6232673660681253,0.5755250538883274
2.0,2605.0,96.0,144.0,129.0,13.0,601.92,15.696,14.061,19.5,0.4589605382093798,-0.4589605382093798,0.4589605382093798
2.0,2632.0,97.0,138.0,141.0,13.0,608.1899999999999,15.042,15.369,19.5,0.23323579861002589,-0.23323579861002589,0.23323579861002589
2.0,2659.0,98.0,144.0,141.0,13.0,614.4599999999999,15.696,15.369,19.5,0.10430622009569378,0.10430622009569378,0.10430622009569378
2.0,2630.0,97.0,128.0,149.0,11.0,608.1899999999999,13.952,16.241,16.5,0.570650252327817,-0.570650252327817,0.31098106481336785
2.0,2657.0,98.0,132.0,147.0,11.0,614.4599999999999,14.388,16.023,16.5,0.07774526620334196,0.07774526620334196,0.07774526620334196
2.0,2657.0,98.0,132.0,145.0,11.0,614.4599999999999,14.388,15.805,16.5,0.03476874003189792,0.03476874003189792,0.03476874003189792
2.0,2684.0,99.0,128.0,149.0,11.0,620.7299999999999,13.952,16.241,16.5,0.0983408473994688,-0.0983408473994688,0.0983408473994688
2.0,2711.0,100.0,131.0,146.0,11.0,627.0,14.279,15.914,16.5,0.0737556355496016,0.0737556355496016,0.0737556355496016
2.0,2738.0,101.0,104.0,165.0,11.0,633.27,11.336,17.985,16.5,0.5739475496315439,-0.5739475496315439,0.5739475496315439
2.0,2765.0,102.0,81.0,187.0,11.0,639.54,8.829,20.383,16.5,0.5533038342741661,-0.5533038342741661,0.5533038342741661
2.0,2792.0,103.0,56.0,206.0,11.0,645.81,6.104,22.454,16.5,0.5458802912356386,-0.5458802912356386,0.5458802912356386
2.0,2793.0,103.0,52.0,208.0,12.0,645.81,5.668,22.672,18.0,0.25155009117343763,-0.25155009117343763,0.07774526620334196
2.0,2820.0,104.0,22.0,219.0,12.0,652.0799999999999,2.398,23.871,18.0,0.5554843504450014,-0.5554843504450014,0.5554843504450014
2.0,2847.0,105.0,11.0,222.0,12.0,658.3499999999999,1.199,24.198,18.0,0.19821231473015327,-0.19821231473015327,0.19821231473015327
2.0,2874.0,106.0,69.0,193.0,12.0,664.62,7.521,21.037,18.0,1.1273063599484587,1.1273063599484587,1.1273063599484587
2.0,2899.0,107.0,105.0,165.0,10.0,670.89,11.445,17.985,15.0,0.9260358714328025,0.9260358714328025,0.7928492589206126
2.0,2926.0,108.0,96.0,167.0,10.0,677.16,10.464,18.203,15.0,0.16027597222407092,-0.16027597222407092,0.16027597222407092
2.0,2953.0,109.0,73.0,177.0,10.0,683.43,7.957,19.293,15.0,0.4359977818929205,-0.4359977818929205,0.4359977818929205
2.0,2980.0,110.0,32.0,196.0,10.0,689.6999999999999,3.488,21.364,15.0,0.7855735020853304,-0.7855735020853304,0.7855735020853304
3.0,4442.0,164.0,152.0,74.0,14.0,1028.28,16.568,8.066,21.0,3.125033230391402,3.125033230391402,2.974912223883781
3.0,4469.0,165.0,133.0,92.0,14.0,1034.55,14.497,10.028,21.0,0.45499250519456536,-0.45499250519456536,0.45499250519456536
3.0,4496.0,166.0,116.0,119.0,14.0,1040.82,12.644,12.971,21.0,0.5546676614214596,-0.5546676614214596,0.5546676614214596
3.0,4522.0,167.0,103.0,143.0,13.0,1047.09,11.227,15.587,19.5,0.5313984201958528,-0.5313984201958528,0.4745009578855578
3.0,4550.0,168.0,91.0,168.0,14.0,1053.36,9.919,18.312,21.0,0.5381797772929439,-0.5381797772929439,0.4820833441789359
3.0,4577.0,169.0,69.0,195.0,14.0,1059.6299999999999,7.521,21.255,21.0,0.6054654384791743,-0.6054654384791743,0.6054654384791743
3.0,4604.0,170.0,52.0,213.0,14.0,1065.8999999999999,5.668,23.217,21.0,0.4304167802048658,-0.4304167802048658,0.4304167802048658
3.0,4631.0,171.0,11.0,223.0,14.0,1072.1699999999998,1.199,24.307,21.0,0.7336533700845304,-0.7336533700845304,0.7336533700845304
5.0,5334.0,197.0,170.0,58.0,15.0,1235.1899999999998,18.53,6.322,22.5,3.9906645141601764,3.9906645141601764,3.983487183690308
5.0,5361.0,198.0,153.0,83.0,15.0,1241.4599999999998,16.677,9.047,22.5,0.5255718002882223,-0.5255718002882223,0.5255718002882223
5.0,5388.0,199.0,133.0,98.0,15.0,1247.73,14.497,10.682,22.5,0.43460925039872406,-0.43460925039872406,0.43460925039872406
5.0,5415.0,200.0,117.0,108.0,15.0,1254.0,12.753,11.772,22.5,0.3280076374463061,-0.3280076374463061,0.3280076374463061
5.0,5442.0,201.0,114.0,117.0,15.0,1260.27,12.426,12.753,22.5,0.16492261481260925,-0.16492261481260925,0.16492261481260925
5.0,5469.0,202.0,114.0,113.0,15.0,1266.54,12.426,12.317,22.5,0.06953748006379584,0.06953748006379584,0.06953748006379584
5.0,5496.0,203.0,112.0,124.0,15.0,1272.81,12.208,13.516,22.5,0.19436316550835492,-0.19436316550835492,0.19436316550835492
5.0,5523.0,204.0,113.0,132.0,15.0,1279.08,12.317,14.388,22.5,0.1401572718603735,-0.1401572718603735,0.1401572718603735
5.0,5550.0,205.0,106.0,153.0,15.0,1285.35,11.554,16.677,22.5,0.3848194345627549,-0.3848194345627549,0.3848194345627549
5.0,5577.0,206.0,96.0,171.0,15.0,1291.62,10.464,18.639,22.5,0.3579660878365496,-0.3579660878365496,0.3579660878365496
5.0,5604.0,207.0,93.0,178.0,15.0,1297.8899999999999,10.137,19.402,22.5,0.1323954176298513,-0.1323954176298513,0.1323954176298513
5.0,5631.0,208.0,93.0,178.0,15.0,1304.1599999999999,10.137,19.402,22.5,0.0,0.0,0.0
5.0,5658.0,209.0,90.0,182.0,15.0,1310.4299999999998,9.81,19.838,22.5,0.08692185007974482,-0.08692185007974482,0.08692185007974482
5.0,5685.0,210.0,79.0,193.0,15.0,1316.6999999999998,8.611,21.037,22.5,0.270437330348539,-0.270437330348539,0.270437330348539
5.0,5712.0,211.0,76.0,192.0,15.0,1322.9699999999998,8.284,20.928,22.5,0.054974204937536325,-0.054974204937536325,0.054974204937536325
5.0,5739.0,212.0,77.0,195.0,15.0,1329.24,8.393,21.255,22.5,0.05497420493753615,-0.05497420493753615,0.05497420493753615
5.0,5766.0,213.0,69.0,200.0,15.0,1335.51,7.521,21.8,22.5,0.16400381872315334,-0.16400381872315334,0.16400381872315334
5.0,5793.0,214.0,54.0,210.0,15.0,1341.78,5.886,22.89,22.5,0.31340118742071355,-0.31340118742071355,0.31340118742071355
5.0,5820.0,215.0,39.0,217.0,15.0,1348.05,4.251,23.653,22.5,0.2877625269441636,-0.2877625269441636,0.2877625269441636
5.0,5847.0,216.0,30.0,227.0,15.0,1354.32,3.27,24.743,22.5,0.2338827784897982,-0.2338827784897982,0.2338827784897982
5.0,5874.0,217.0,25.0,226.0,15.0,1360.59,2.725,24.634,22.5,0.08864324194284101,-0.08864324194284101,0.08864324194284101
6.0,5658.0,209.0,176.0,75.0,15.0,1310.4299999999998,19.184,8.175,22.5,3.712366989329948,3.712366989329948,3.712366989329948
6.0,5685.0,210.0,148.0,95.0,15.0,1316.6999999999998,16.132,10.355,22.5,0.598184021759264,-0.598184021759264,0.598184021759264
6.0,5712.0,211.0,135.0,98.0,15.0,1322.9699999999998,14.715,10.682,22.5,0.2319364247192619,-0.2319364247192619,0.2319364247192619
6.0,5739.0,212.0,132.0,103.0,15.0,1329.24,14.388,11.227,22.5,0.10136742528518944,-0.10136742528518944,0.10136742528518944
6.0,5766.0,213.0,120.0,107.0,15.0,1335.51,13.08,11.663,22.5,0.21989681975014566,-0.21989681975014566,0.21989681975014566
6.0,5793.0,214.0,109.0,116.0,15.0,1341.78,11.881,12.644,22.5,0.24707832121007284,-0.24707832121007284,0.24707832121007284
6.0,5820.0,215.0,106.0,124.0,15.0,1348.05,11.554,13.516,22.5,0.14853212252625372,-0.14853212252625372,0.14853212252625372
6.0,5847.0,216.0,109.0,122.0,15.0,1354.32,11.881,13.298,22.5,0.06268023748414271,0.06268023748414271,0.06268023748414271
6.0,5874.0,217.0,109.0,118.0,15.0,1360.59,11.881,12.862,22.5,0.06953748006379584,0.06953748006379584,0.06953748006379584
6.0,5901.0,218.0,110.0,117.0,15.0,1366.86,11.99,12.753,22.5,0.0245852118498672,0.0245852118498672,0.0245852118498672
6.0,5928.0,219.0,114.0,118.0,15.0,1373.1299999999999,12.426,12.862,22.5,0.07167759381057814,0.07167759381057814,0.07167759381057814
6.0,5955.0,220.0,114.0,115.0,15.0,1379.3999999999999,12.426,12.535,22.5,0.05215311004784689,0.05215311004784689,0.05215311004784689
6.0,5981.0,221.0,116.0,115.0,14.0,1385.6699999999998,12.644,12.535,21.0,0.24174777607196715,0.24174777607196715,0.03476874003189792
6.0,6009.0,222.0,110.0,124.0,15.0,1391.9399999999998,11.99,13.516,22.5,0.30429004500961415,-0.30429004500961415,0.18804071245242815
6.0,6036.0,223.0,109.0,121.0,15.0,1398.2099999999998,11.881,13.189,22.5,0.054974204937536415,0.054974204937536415,0.054974204937536415
6.0,6063.0,224.0,110.0,130.0,15.0,1404.48,11.99,14.17,22.5,0.15742216587830596,-0.15742216587830596,0.15742216587830596
6.0,6090.0,225.0,108.0,140.0,15.0,1410.75,11.772,15.26,22.5,0.17728648388568213,-0.17728648388568213,0.17728648388568213
6.0,6117.0,226.0,114.0,114.0,15.0,1417.02,12.426,12.426,22.5,0.46387284943852325,0.46387284943852325,0.46387284943852325
6.0,6144.0,227.0,119.0,108.0,15.0,1423.29,12.971,11.772,22.5,0.13577627028290676,0.13577627028290676,0.13577627028290676
6.0,6171.0,228.0,122.0,101.0,15.0,1429.56,13.298,11.009,22.5,0.13239541762985102,0.13239541762985102,0.13239541762985102
6.0,6198.0,229.0,119.0,105.0,15.0,1435.83,12.971,11.445,22.5,0.08692185007974482,-0.08692185007974482,0.08692185007974482
6.0,6225.0,230.0,139.0,83.0,15.0,1442.1,15.151,9.047,22.5,0.5168744795718395,0.5168744795718395,0.5168744795718395
6.0,6253.0,231.0,155.0,71.0,16.0,1448.37,16.895,7.739,24.0,0.42204223756977977,0.42204223756977977,0.3476874003189793
6.0,6280.0,232.0,168.0,54.0,16.0,1454.6399999999999,18.312,5.886,24.0,0.37204176506133413,0.37204176506133413,0.37204176506133413
6.0,6307.0,233.0,163.0,55.0,16.0,1460.9099999999999,17.767,5.995,24.0,0.08864324194284134,-0.08864324194284134,0.08864324194284134
6.0,6334.0,234.0,165.0,58.0,16.0,1467.1799999999998,17.985,6.322,24.0,0.06268023748414271,-0.06268023748414271,0.06268023748414271
6.0,6361.0,235.0,165.0,60.0,16.0,1473.4499999999998,17.985,6.54,24.0,0.03476874003189792,-0.03476874003189792,0.03476874003189792
6.0,6388.0,236.0,165.0,65.0,16.0,1479.7199999999998,17.985,7.085,24.0,0.08692185007974482,-0.08692185007974482,0.08692185007974482
6.0,6415.0,237.0,165.0,60.0,16.0,1485.99,17.985,6.54,24.0,0.08692185007974482,0.08692185007974482,0.08692185007974482
7.0,5632.0,208.0,182.0,82.0,16.0,1304.1599999999999,19.838,8.938,24.0,0.48333551081847076,0.48333551081847076,0.48333551081847076
7.0,5659.0,209.0,170.0,77.0,16.0,1310.4299999999998,18.53,8.393,24.0,0.2259968102073365,-0.2259968102073365,0.2259968102073365
7.0,5686.0,210.0,151.0,91.0,16.0,1316.6999999999998,16.459,9.919,24.0,0.41028586462885136,-0.41028586462885136,0.41028586462885136
7.0,5713.0,211.0,132.0,110.0,16.0,1322.9699999999998,14.388,11.99,24.0,0.46711902514747683,-0.46711902514747683,0.46711902514747683
7.0,5712.0,211.0,138.0,99.0,15.0,1322.9699999999998,15.042,10.791,22.5,0.32354456312231555,0.32354456312231555,0.21782553196003857
7.0,5739.0,212.0,134.0,103.0,15.0,1329.24,14.606,11.227,22.5,0.0983408473994688,-0.0983408473994688,0.0983408473994688
7.0,5766.0,213.0,121.0,108.0,15.0,1335.51,13.189,11.772,22.5,0.24213625553637463,-0.24213625553637463,0.24213625553637463
7.0,5793.0,214.0,111.0,118.0,15.0,1341.78,12.099,12.862,22.5,0.245852118498672,-0.245852118498672,0.245852118498672
7.0,5820.0,215.0,108.0,123.0,15.0,1348.05,11.772,13.407,22.5,0.10136742528518944,-0.10136742528518944,0.10136742528518944
7.0,5847.0,216.0,110.0,122.0,15.0,1354.32,11.99,13.298,22.5,0.03887263310167098,0.03887263310167098,0.03887263310167098
8.0,6389.0,236.0,196.0,84.0,17.0,1479.7199999999998,21.364,9.156,25.5,1.7030927056786855,1.7030927056786855,1.634500619861186
8.0,6471.0,239.0,158.0,94.0,18.0,1498.53,17.222,10.246,27.0,0.7237783647961142,-0.7237783647961142,0.6830973571860754
8.0,6498.0,240.0,147.0,104.0,18.0,1504.8,16.023,11.336,27.0,0.25843723978592,-0.25843723978592,0.25843723978592
8.0,6523.0,241.0,139.0,113.0,16.0,1511.07,15.151,12.317,24.0,0.5222584171966994,-0.5222584171966994,0.20933553573977035
8.0,6550.0,242.0,125.0,118.0,16.0,1517.34,13.625,12.862,24.0,0.25843723978591976,-0.25843723978591976,0.25843723978591976
8.0,6576.0,243.0,113.0,130.0,15.0,1523.61,12.317,14.17,22.5,0.37983078121388053,-0.37983078121388053,0.2950225421984064
8.0,6602.0,244.0,111.0,135.0,14.0,1529.8799999999999,12.099,14.715,21.0,0.2568995820491493,-0.2568995820491493,0.09361769760409265
8.0,6629.0,245.0,102.0,139.0,14.0,1536.1499999999999,11.118,15.151,21.0,0.17121618826088922,-0.17121618826088922,0.17121618826088922
8.0,6656.0,246.0,84.0,153.0,14.0,1542.4199999999998,9.156,16.677,21.0,0.3964246294603063,-0.3964246294603063,0.3964246294603063
8.0,6683.0,247.0,74.0,161.0,14.0,1548.6899999999998,8.066,17.549,21.0,0.22262856200324735,-0.22262856200324735,0.22262856200324735
8.0,6711.0,248.0,73.0,168.0,15.0,1554.9599999999998,7.957,18.312,22.5,0.26896828436621967,-0.26896828436621967,0.1229260592493363
8.0,6738.0,249.0,76.0,172.0,15.0,1561.2299999999998,8.284,18.748,22.5,0.0869218500797449,-0.0869218500797449,0.0869218500797449
8.0,6765.0,250.0,74.0,166.0,15.0,1567.5,8.066,18.094,22.5,0.10994840987507283,0.10994840987507283,0.10994840987507283
8.0,6792.0,251.0,74.0,173.0,15.0,1573.77,8.066,18.857,22.5,0.12169059011164245,-0.12169059011164245,0.12169059011164245
8.0,6820.0,252.0,43.0,201.0,16.0,1580.04,4.687,21.909,24.0,0.7645917877129427,-0.7645917877129427,0.7262007159771583
8.0,6847.0,253.0,39.0,195.0,16.0,1586.31,4.251,21.255,24.0,0.12536047496828542,0.12536047496828542,0.12536047496828542
8.0,6874.0,254.0,22.0,199.0,16.0,1592.58,2.398,21.691,24.0,0.30360497008396414,-0.30360497008396414,0.30360497008396414
9.0,6066.0,224.0,191.0,68.0,18.0,1404.48,20.819,7.412,27.0,3.74791503502657,3.74791503502657,3.7172482593941547
9.0,6092.0,225.0,186.0,71.0,17.0,1410.75,20.274,7.739,25.5,0.2598239343503302,-0.2598239343503302,0.10136742528518917
9.0,6091.0,225.0,179.0,93.0,16.0,1410.75,19.511,10.137,24.0,0.46724128773701723,-0.46724128773701723,0.4013493478427614
9.0,6118.0,226.0,158.0,110.0,16.0,1417.02,17.222,11.99,24.0,0.4696998128821644,-0.4696998128821644,0.4696998128821644
9.0,6145.0,227.0,142.0,124.0,16.0,1423.29,15.478,13.516,24.0,0.3695967762641395,-0.3695967762641395,0.3695967762641395
9.0,6171.0,228.0,143.0,127.0,15.0,1429.56,15.587,13.843,22.5,0.24546951982038526,-0.24546951982038526,0.054974204937536415
9.0,6198.0,229.0,152.0,111.0,15.0,1435.83,16.568,12.099,22.5,0.3191346112958142,0.3191346112958142,0.3191346112958142
9.0,6226.0,230.0,173.0,97.0,16.0,1442.1,18.857,10.573,24.0,0.4997448532348222,0.4997448532348222,0.4387616623889987
9.0,6253.0,231.0,179.0,91.0,16.0,1448.37,19.511,9.919,24.0,0.1475112710992032,0.1475112710992032,0.1475112710992032
9.0,6280.0,232.0,182.0,89.0,16.0,1454.6399999999999,19.838,9.701,24.0,0.06268023748414295,0.06268023748414295,0.06268023748414295
9.0,6307.0,233.0,177.0,89.0,16.0,1460.9099999999999,19.293,9.701,24.0,0.0869218500797451,-0.0869218500797451,0.0869218500797451
9.0,6335.0,234.0,181.0,76.0,17.0,1467.1799999999998,19.729,8.284,25.5,0.3363675687545545,0.3363675687545545,0.23645299608487452
9.0,6279.0,232.0,185.0,86.0,15.0,1454.6399999999999,20.165,9.374,22.5,0.5137991640982986,-0.5137991640982986,0.1872353952081853
9.0,6307.0,233.0,178.0,89.0,16.0,1460.9099999999999,19.402,9.701,24.0,0.2734258008340084,-0.2734258008340084,0.13239541762985077
9.0,6333.0,234.0,167.0,85.0,15.0,1467.1799999999998,18.203,9.265,22.5,0.314064894423082,-0.314064894423082,0.20347883417359502
9.0,6360.0,235.0,154.0,94.0,15.0,1473.4499999999998,16.786,10.246,22.5,0.2748710246876818,-0.2748710246876818,0.2748710246876818
9.0,6388.0,236.0,176.0,86.0,16.0,1479.7199999999998,19.184,9.374,24.0,0.47206743774477533,0.47206743774477533,0.4069576683471895
9.0,6389.0,236.0,195.0,85.0,17.0,1479.7199999999998,21.255,9.265,25.5,0.40821003184702853,0.40821003184702853,0.33076019734577455
10.0,7631.0,282.0,13.0,190.0,17.0,1768.1399999999999,1.417,20.71,25.5,3.652745316781554,-3.652745316781554,3.652745316781554
10.0,7658.0,283.0,14.0,185.0,17.0,1774.4099999999999,1.526,20.165,25.5,0.08864324194284134,0.08864324194284134,0.08864324194284134
10.0,7685.0,284.0,17.0,187.0,17.0,1780.6799999999998,1.853,20.383,25.5,0.06268023748414271,0.06268023748414271,0.06268023748414271
10.0,7711.0,285.0,39.0,179.0,16.0,1786.9499999999998,4.251,19.511,24.0,0.47206743774477544,0.47206743774477544,0.40695766834718966
10.0,7738.0,286.0,37.0,179.0,16.0,1793.2199999999998,4.033,19.511,24.0,0.03476874003189792,-0.03476874003189792,0.03476874003189792
10.0,7765.0,287.0,41.0,176.0,16.0,1799.4899999999998,4.469,19.184,24.0,0.08692185007974464,0.08692185007974464,0.08692185007974464
10.0,7792.0,288.0,38.0,178.0,16.0,1805.7599999999998,4.142,19.402,24.0,0.06268023748414271,-0.06268023748414271,0.06268023748414271
10.0,7847.0,290.0,33.0,182.0,17.0,1818.3,3.597,19.838,25.5,0.26386358427650586,-0.26386358427650586,0.11131428100162373
10.0,7874.0,291.0,31.0,181.0,17.0,1824.57,3.379,19.729,25.5,0.03887263310167111,-0.03887263310167111,0.03887263310167111
10.0,7901.0,292.0,22.0,186.0,17.0,1830.84,2.398,20.274,25.5,0.17898304391827494,-0.17898304391827494,0.17898304391827494
10.0,7928.0,293.0,7.0,187.0,17.0,1837.11,0.763,20.383,25.5,0.2613443868010602,-0.2613443868010602,0.2613443868010602
11.0,8011.0,296.0,164.0,70.0,19.0,1855.9199999999998,17.876,7.63,28.5,3.4373393484803465,3.4373393484803465,3.403875630630759
11.0,8038.0,297.0,149.0,101.0,19.0,1862.1899999999998,16.241,11.009,28.5,0.598689031576319,-0.598689031576319,0.598689031576319
11.0,8065.0,298.0,141.0,113.0,19.0,1868.4599999999998,15.369,12.317,28.5,0.25072094993657085,-0.25072094993657085,0.25072094993657085
11.0,8038.0,297.0,147.0,103.0,19.0,1862.1899999999998,16.023,11.227,28.5,0.20273485057037888,0.20273485057037888,0.20273485057037888
11.0,8064.0,298.0,137.0,112.0,18.0,1868.4599999999998,14.933,12.208,27.0,0.33456580223693555,-0.33456580223693555,0.23388277848979813
11.0,8064.0,298.0,139.0,111.0,18.0,1868.4599999999998,15.151,12.099,27.0,0.03887263310167098,0.03887263310167098,0.03887263310167098
11.0,8091.0,299.0,138.0,130.0,18.0,1874.7299999999998,15.042,14.17,27.0,0.33076019734577494,-0.33076019734577494,0.33076019734577494
11.0,8119.0,300.0,131.0,143.0,19.0,1880.9999999999998,14.279,15.587,28.5,0.3508792953395042,-0.3508792953395042,0.25667714729911334
11.0,8146.0,301.0,137.0,135.0,19.0,1887.27,14.933,14.715,28.5,0.17384370015948963,0.17384370015948963,0.17384370015948963
11.0,8198.0,303.0,133.0,125.0,17.0,1899.81,14.497,13.625,25.5,0.5137991640982986,0.5137991640982986,0.1872353952081853
11.0,8225.0,304.0,128.0,142.0,17.0,1906.08,13.952,15.478,25.5,0.3080518215290206,-0.3080518215290206,0.3080518215290206
11.0,8251.0,305.0,107.0,156.0,16.0,1912.35,11.663,17.004,24.0,0.49974485323482254,-0.49974485323482254,0.4387616623889991
11.0,8279.0,306.0,75.0,187.0,17.0,1918.62,8.175,20.383,25.5,0.810637106751483,-0.810637106751483,0.7745317274909267
11.0,8306.0,307.0,45.0,208.0,17.0,1924.8899999999999,4.905,22.672,25.5,0.6366098383325235,-0.6366098383325235,0.6366098383325235
11.0,8334.0,308.0,12.0,215.0,18.0,1931.1599999999999,1.308,23.435,27.0,0.6333682144544818,-0.6333682144544818,0.5864487813346722
12.0,8145.0,301.0,177.0,62.0,18.0,1887.27,19.293,6.758,27.0,3.911830925537436,3.911830925537436,3.911830925537436
12.0,8172.0,302.0,166.0,89.0,18.0,1893.54,18.094,9.701,27.0,0.5068371264259471,-0.5068371264259471,0.5068371264259471
12.0,8199.0,303.0,132.0,131.0,18.0,1899.81,14.388,14.279,27.0,0.9393996257643293,-0.9393996257643293,0.9393996257643293
12.0,8225.0,304.0,127.0,143.0,17.0,1906.08,13.843,15.587,25.5,0.32910132205177656,-0.32910132205177656,0.2259968102073365
12.0,8251.0,305.0,109.0,156.0,16.0,1912.35,11.881,17.004,24.0,0.4541208739224493,-0.4541208739224493,0.38599565564880756
12.0,8278.0,306.0,77.0,184.0,16.0,1918.62,8.393,20.056,24.0,0.7391935525282786,-0.7391935525282786,0.7391935525282786
12.0,8307.0,307.0,38.0,213.0,18.0,1924.8899999999999,4.142,23.217,27.0,0.9709621195805794,-0.9709621195805794,0.844887536806566
12.0,8334.0,308.0,10.0,216.0,18.0,1931.1599999999999,1.09,23.544,27.0,0.4895483044962779,-0.4895483044962779,0.4895483044962779
12.0,9201.0,340.0,171.0,99.0,21.0,2131.7999999999997,18.639,10.791,31.5,3.533537401315569,3.533537401315569,3.459882724735762
12.0,9173.0,339.0,163.0,97.0,20.0,2125.5299999999997,17.767,10.573,30.0,0.2788975291576338,-0.2788975291576338,0.1433551876211563
12.0,9200.0,340.0,143.0,128.0,20.0,2131.7999999999997,15.587,13.952,30.0,0.6413395455441601,-0.6413395455441601,0.6413395455441601
12.0,9199.0,340.0,128.0,147.0,19.0,2131.7999999999997,13.952,16.023,28.5,0.48407838825057203,-0.48407838825057203,0.4208310397522208
12.0,9226.0,341.0,137.0,137.0,19.0,2138.0699999999997,14.933,14.933,28.5,0.23388277848979813,0.23388277848979813,0.23388277848979813
12.0,9254.0,342.0,128.0,144.0,20.0,2144.3399999999997,13.952,15.696,30.0,0.3106786823440282,-0.3106786823440282,0.19821231473015316
12.0,9281.0,343.0,126.0,145.0,20.0,2150.6099999999997,13.734,15.805,30.0,0.03887263310167098,-0.03887263310167098,0.03887263310167098
12.0,9307.0,344.0,130.0,150.0,19.0,2156.8799999999997,14.17,16.35,28.5,0.2638635842765059,0.2638635842765059,0.11131428100162391
12.0,9577.0,354.0,131.0,152.0,19.0,2219.58,14.279,16.568,28.5,0.03887263310167098,-0.03887263310167098,0.03887263310167098
12.0,9604.0,355.0,105.0,175.0,19.0,2225.85,11.445,19.075,28.5,0.6034655471739603,-0.6034655471739603,0.6034655471739603
12.0,9630.0,356.0,90.0,192.0,18.0,2232.12,9.81,20.928,27.0,0.4610556483440682,-0.4610556483440682,0.39413092864888544
12.0,9684.0,358.0,140.0,147.0,18.0,2244.66,15.26,16.023,27.0,1.169413892448991,1.169413892448991,1.169413892448991
12.0,9901.0,366.0,136.0,157.0,19.0,2294.8199999999997,14.824,17.113,28.5,0.30379304661414097,-0.30379304661414097,0.1872353952081853
12.0,9928.0,367.0,147.0,149.0,19.0,2301.0899999999997,16.023,16.241,28.5,0.23645299608487452,0.23645299608487452,0.23645299608487452
12.0,9955.0,368.0,137.0,151.0,19.0,2307.3599999999997,14.933,16.459,28.5,0.17728648388568213,-0.17728648388568213,0.17728648388568213
12.0,9982.0,369.0,140.0,149.0,19.0,2313.6299999999997,15.26,16.241,28.5,0.06268023748414271,0.06268023748414271,0.06268023748414271
13.0,10822.0,400.0,166.0,102.0,22.0,2508.0,18.094,11.118,33.0,1.1777063229971165,1.1777063229971165,0.9337526897719558
13.0,10928.0,404.0,139.0,104.0,20.0,2533.08,15.151,11.336,30.0,0.6711609724897897,-0.6711609724897897,0.4706639599375493
13.0,10955.0,405.0,129.0,121.0,20.0,2539.35,14.061,13.189,30.0,0.34287337139417,-0.34287337139417,0.34287337139417
13.0,10982.0,406.0,114.0,132.0,20.0,2545.62,12.426,14.388,30.0,0.32336797462734795,-0.32336797462734795,0.32336797462734795
13.0,11009.0,407.0,115.0,140.0,20.0,2551.89,12.535,15.26,30.0,0.1401572718603735,-0.1401572718603735,0.1401572718603735
13.0,11036.0,408.0,113.0,147.0,20.0,2558.16,12.317,16.023,30.0,0.12656012407202175,-0.12656012407202175,0.12656012407202175
13.0,11063.0,409.0,88.0,174.0,20.0,2564.43,9.592,18.966,30.0,0.6396881259120184,-0.6396881259120184,0.6396881259120184
13.0,11090.0,410.0,88.0,177.0,20.0,2570.7,9.592,19.293,30.0,0.052153110047846604,-0.052153110047846604,0.052153110047846604
13.0,11117.0,411.0,44.0,201.0,20.0,2576.97,4.796,21.909,30.0,0.8713021278401543,-0.8713021278401543,0.8713021278401543
13.0,11144.0,412.0,44.0,201.0,20.0,2583.24,4.796,21.909,30.0,0.0,0.0,0.0
13.0,11171.0,413.0,44.0,201.0,20.0,2589.5099999999998,4.796,21.909,30.0,0.0,0.0,0.0
13.0,11198.0,414.0,69.0,190.0,20.0,2595.7799999999997,7.521,20.71,30.0,0.47481930811116263,0.47481930811116263,0.47481930811116263
13.0,11225.0,415.0,112.0,161.0,20.0,2602.0499999999997,12.208,17.549,30.0,0.9016440001964937,0.9016440001964937,0.9016440001964937
13.0,11252.0,416.0,132.0,146.0,20.0,2608.3199999999997,14.388,15.914,30.0,0.43460925039872406,0.43460925039872406,0.43460925039872406
13.0,11279.0,417.0,138.0,144.0,20.0,2614.5899999999997,15.042,15.696,30.0,0.10994840987507283,0.10994840987507283,0.10994840987507283
13.0,11306.0,418.0,129.0,149.0,20.0,2620.8599999999997,14.061,16.241,30.0,0.1789830439182748,-0.1789830439182748,0.1789830439182748
13.0,11333.0,419.0,136.0,140.0,20.0,2627.1299999999997,14.824,15.26,30.0,0.19821231473015316,0.19821231473015316,0.19821231473015316
13.0,11360.0,420.0,140.0,138.0,20.0,2633.3999999999996,15.26,15.042,30.0,0.07774526620334196,0.07774526620334196,0.07774526620334196
13.0,11389.0,421.0,140.0,142.0,22.0,2639.6699999999996,15.26,15.478,33.0,0.4834955521439343,-0.4834955521439343,0.06953748006379584
13.0,11416.0,422.0,166.0,114.0,22.0,2645.9399999999996,18.094,12.426,33.0,0.6642558456220624,0.6642558456220624,0.6642558456220624
13.0,11445.0,423.0,180.0,103.0,24.0,2652.21,19.62,11.227,36.0,0.5698552987550847,0.5698552987550847,0.3095199084225469
13.0,11472.0,424.0,181.0,89.0,24.0,2658.48,19.729,9.701,36.0,0.24400126066832273,0.24400126066832273,0.24400126066832273
13.0,11499.0,425.0,180.0,83.0,24.0,2664.75,19.62,9.047,36.0,0.10574499454585416,0.10574499454585416,0.10574499454585416
13.0,11526.0,426.0,183.0,84.0,24.0,2671.02,19.947,9.156,36.0,0.05497420493753615,0.05497420493753615,0.05497420493753615
13.0,11553.0,427.0,185.0,91.0,24.0,2677.29,20.165,9.919,36.0,0.12656012407202175,-0.12656012407202175,0.12656012407202175
13.0,11580.0,428.0,184.0,87.0,24.0,2683.56,20.056,9.483,36.0,0.07167759381057807,0.07167759381057807,0.07167759381057807
13.0,11607.0,429.0,186.0,83.0,24.0,2689.83,20.274,9.047,36.0,0.07774526620334196,0.07774526620334196,0.07774526620334196
13.0,11634.0,430.0,183.0,98.0,24.0,2696.1,19.947,10.682,36.0,0.26592972582852326,-0.26592972582852326,0.26592972582852326
13.0,11661.0,431.0,181.0,108.0,24.0,2702.37,19.729,11.772,36.0,0.17728648388568213,-0.17728648388568213,0.17728648388568213
13.0,11686.0,432.0,172.0,106.0,22.0,2708.64,18.748,11.554,33.0,0.5045997176789897,-0.5045997176789897,0.16027597222407064
13.0,11713.0,433.0,162.0,124.0,22.0,2714.91,17.658,13.516,33.0,0.3579660878365496,-0.3579660878365496,0.3579660878365496
13.0,11740.0,434.0,160.0,134.0,22.0,2721.18,17.44,14.606,33.0,0.17728648388568213,-0.17728648388568213,0.17728648388568213
13.0,11767.0,435.0,146.0,137.0,22.0,2727.45,15.914,14.933,33.0,0.24890629918614418,-0.24890629918614418,0.24890629918614418
13.0,11794.0,436.0,139.0,144.0,22.0,2733.72,15.151,15.696,33.0,0.1720964829490704,-0.1720964829490704,0.1720964829490704
13.0,11821.0,437.0,143.0,147.0,22.0,2739.99,15.587,16.023,33.0,0.08692185007974482,0.08692185007974482,0.08692185007974482
13.0,11848.0,438.0,135.0,143.0,22.0,2746.2599999999998,14.715,15.587,33.0,0.15549053240668392,-0.15549053240668392,0.15549053240668392
13.0,11875.0,439.0,139.0,142.0,22.0,2752.5299999999997,15.151,15.478,33.0,0.07167759381057814,0.07167759381057814,0.07167759381057814
13.0,11902.0,440.0,154.0,128.0,22.0,2758.7999999999997,16.786,13.952,33.0,0.35669745033914974,0.35669745033914974,0.35669745033914974
14.0,10876.0,402.0,158.0,74.0,22.0,2520.54,17.222,8.066,33.0,0.941327919875098,0.941327919875098,0.941327919875098
14.0,10902.0,403.0,149.0,97.0,21.0,2526.81,16.241,10.573,31.5,0.491513049340204,-0.491513049340204,0.4293622662966199
14.0,10929.0,404.0,141.0,101.0,21.0,2533.08,15.369,11.009,31.5,0.15549053240668392,-0.15549053240668392,0.15549053240668392
14.0,10956.0,405.0,129.0,121.0,21.0,2539.35,14.061,13.189,31.5,0.40546970114075775,-0.40546970114075775,0.40546970114075775
14.0,10983.0,406.0,118.0,128.0,21.0,2545.62,12.862,13.952,31.5,0.22666445364181456,-0.22666445364181456,0.22666445364181456
14.0,11010.0,407.0,118.0,142.0,21.0,2551.89,12.862,15.478,31.5,0.24338118022328548,-0.24338118022328548,0.24338118022328548
14.0,11036.0,408.0,114.0,144.0,20.0,2558.16,12.426,15.696,30.0,0.25155009117343763,-0.25155009117343763,0.07774526620334196
14.0,11063.0,409.0,90.0,172.0,20.0,2564.43,9.81,18.748,30.0,0.6411038888962838,-0.6411038888962838,0.6411038888962838
14.0,11090.0,410.0,67.0,199.0,20.0,2570.7,7.303,21.691,30.0,0.6165939763175544,-0.6165939763175544,0.6165939763175544
14.0,11117.0,411.0,34.0,217.0,20.0,2576.97,3.706,23.653,30.0,0.6534765958801156,-0.6534765958801156,0.6534765958801156
14.0,11144.0,412.0,16.0,219.0,20.0,2583.24,1.744,23.871,30.0,0.314844331756612,-0.314844331756612,0.314844331756612
14.0,11171.0,413.0,4.0,213.0,20.0,2589.5099999999998,0.436,23.217,30.0,0.2332357986100259,-0.2332357986100259,0.2332357986100259
14.0,11499.0,425.0,182.0,83.0,24.0,2664.75,19.838,9.047,36.0,3.9495072709748276,3.9495072709748276,3.8318243347321714
14.0,11499.0,425.0,181.0,83.0,24.0,2664.75,19.729,9.047,36.0,0.017384370015949245,-0.017384370015949245,0.017384370015949245
14.0,11526.0,426.0,183.0,85.0,24.0,2671.02,19.947,9.265,36.0,0.0491704236997344,0.0491704236997344,0.0491704236997344
14.0,11553.0,427.0,183.0,90.0,24.0,2677.29,19.947,9.81,36.0,0.08692185007974482,-0.08692185007974482,0.08692185007974482
14.0,11580.0,428.0,184.0,88.0,24.0,2683.56,20.056,9.592,36.0,0.03887263310167111,0.03887263310167111,0.03887263310167111
14.0,11607.0,429.0,187.0,85.0,24.0,2689.83,20.383,9.265,36.0,0.0737556355496014,0.0737556355496014,0.0737556355496014
14.0,11634.0,430.0,183.0,99.0,24.0,2696.1,19.947,10.791,36.0,0.2531202481440435,-0.2531202481440435,0.2531202481440435
14.0,11661.0,431.0,180.0,107.0,24.0,2702.37,19.62,11.663,36.0,0.1485321225262536,-0.1485321225262536,0.1485321225262536
14.0,11686.0,432.0,174.0,108.0,22.0,2708.64,18.966,11.772,33.0,0.49001478720631253,-0.49001478720631253,0.1057449945458542
14.0,11712.0,433.0,136.0,149.0,21.0,2714.91,14.824,16.241,31.5,1.000829218504856,-1.000829218504856,0.9718158275417746
14.0,11739.0,434.0,134.0,148.0,21.0,2721.18,14.606,16.132,31.5,0.038872633101670856,-0.038872633101670856,0.038872633101670856
14.0,11766.0,435.0,141.0,146.0,21.0,2727.45,15.369,15.914,31.5,0.12656012407202186,0.12656012407202186,0.12656012407202186
14.0,11793.0,436.0,135.0,143.0,21.0,2733.72,14.715,15.587,31.5,0.11661789930501294,-0.11661789930501294,0.11661789930501294
14.0,11820.0,437.0,140.0,142.0,21.0,2739.99,15.26,15.478,31.5,0.08864324194284107,0.08864324194284107,0.08864324194284107
14.0,11847.0,438.0,136.0,141.0,21.0,2746.2599999999998,14.824,15.369,31.5,0.07167759381057814,-0.07167759381057814,0.07167759381057814
14.0,11874.0,439.0,138.0,135.0,21.0,2752.5299999999997,15.042,14.715,31.5,0.10994840987507283,0.10994840987507283,0.10994840987507283
16.0,11930.0,441.0,180.0,71.0,23.0,2765.0699999999997,19.62,7.739,34.5,1.4141853230742774,1.4141853230742774,1.330784595713879
16.0,11957.0,442.0,169.0,98.0,23.0,2771.3399999999997,18.421,10.682,34.5,0.5068371264259475,-0.5068371264259475,0.5068371264259475
16.0,11984.0,443.0,148.0,117.0,23.0,2777.6099999999997,16.132,12.753,34.5,0.49231848362908626,-0.49231848362908626,0.49231848362908626
16.0,12064.0,446.0,145.0,132.0,22.0,2796.4199999999996,15.805,14.388,33.0,0.3577034260830749,-0.3577034260830749,0.26592972582852326
16.0,12091.0,447.0,156.0,122.0,22.0,2802.6899999999996,17.004,13.298,33.0,0.25843723978592,0.25843723978592,0.25843723978592
16.0,12118.0,448.0,144.0,134.0,22.0,2808.96,15.696,14.606,33.0,0.2950225421984066,-0.2950225421984066,0.2950225421984066
17.0,12039.0,445.0,185.0,68.0,24.0,2790.1499999999996,20.165,7.412,36.0,1.4329732784631402,1.4329732784631402,1.3507331079750933
17.0,12066.0,446.0,190.0,68.0,24.0,2796.4199999999996,20.71,7.412,36.0,0.0869218500797451,0.0869218500797451,0.0869218500797451
17.0,12093.0,447.0,194.0,61.0,24.0,2802.6899999999996,21.146,6.649,36.0,0.1401572718603735,0.1401572718603735,0.1401572718603735
17.0,12120.0,448.0,192.0,67.0,24.0,2808.96,20.928,7.303,36.0,0.10994840987507283,-0.10994840987507283,0.10994840987507283
17.0,12146.0,449.0,183.0,84.0,23.0,2815.23,19.947,9.156,34.5,0.41116074796527424,-0.41116074796527424,0.33439503392698217
17.0,12173.0,450.0,171.0,91.0,23.0,2821.5,18.639,9.919,34.5,0.24151138673844155,-0.24151138673844155,0.24151138673844155
17.0,12200.0,451.0,162.0,95.0,23.0,2827.77,17.658,10.355,34.5,0.17121618826088897,-0.17121618826088897,0.17121618826088897
17.0,12227.0,452.0,161.0,102.0,23.0,2834.04,17.549,11.118,34.5,0.12292605924933604,-0.12292605924933604,0.12292605924933604
17.0,12254.0,453.0,166.0,98.0,23.0,2840.31,18.094,10.682,34.5,0.11131428100162391,0.11131428100162391,0.11131428100162391
17.0,12281.0,454.0,157.0,107.0,23.0,2846.58,17.113,11.663,34.5,0.22126690664880502,-0.22126690664880502,0.22126690664880502
17.0,12308.0,455.0,156.0,126.0,23.0,2852.85,17.004,13.734,34.5,0.33076019734577494,-0.33076019734577494,0.33076019734577494
17.0,12335.0,456.0,158.0,122.0,23.0,2859.12,17.222,13.298,34.5,0.07774526620334196,0.07774526620334196,0.07774526620334196
17.0,12362.0,457.0,157.0,126.0,23.0,2865.39,17.113,13.734,34.5,0.07167759381057821,-0.07167759381057821,0.07167759381057821
17.0,12389.0,458.0,150.0,133.0,23.0,2871.66,16.35,14.497,34.5,0.1720964829490702,-0.1720964829490702,0.1720964829490702
18.0,12635.0,467.0,218.0,54.0,26.0,2928.0899999999997,23.762,5.886,39.0,1.9490198622953443,1.9490198622953443,1.812065210209262
18.0,12661.0,468.0,221.0,51.0,25.0,2934.3599999999997,24.089,5.559,37.5,0.25034579231067955,0.25034579231067955,0.0737556355496014
18.0,12689.0,469.0,212.0,48.0,26.0,2940.6299999999997,23.108,5.232,39.0,0.290572866642714,-0.290572866642714,0.164922614812609
18.0,12716.0,470.0,203.0,60.0,26.0,2946.8999999999996,22.127,6.54,39.0,0.2607655502392346,-0.2607655502392346,0.2607655502392346
18.0,12742.0,471.0,178.0,84.0,25.0,2953.1699999999996,19.402,9.156,37.5,0.6482244389830562,-0.6482244389830562,0.6024631120181232
18.0,12769.0,472.0,159.0,108.0,25.0,2959.4399999999996,17.331,11.772,37.5,0.532143488767631,-0.532143488767631,0.532143488767631
18.0,12796.0,473.0,157.0,137.0,25.0,2965.7099999999996,17.113,14.933,37.5,0.5053442303217228,-0.5053442303217228,0.5053442303217228
18.0,12821.0,474.0,156.0,125.0,23.0,2971.98,17.004,13.625,34.5,0.5222584171966994,0.5222584171966994,0.20933553573977032
18.0,12848.0,475.0,148.0,151.0,23.0,2978.25,16.132,16.459,34.5,0.47290599216974905,-0.47290599216974905,0.47290599216974905
18.0,12873.0,476.0,126.0,165.0,21.0,2984.52,13.734,17.985,31.5,0.6591203122255561,-0.6591203122255561,0.45332890728362935
18.0,12900.0,477.0,85.0,180.0,21.0,2990.79,9.265,19.62,31.5,0.7589626522713859,-0.7589626522713859,0.7589626522713859
18.0,12927.0,478.0,73.0,188.0,21.0,2997.06,7.957,20.492,31.5,0.25072094993657096,-0.25072094993657096,0.25072094993657096
18.0,12954.0,479.0,49.0,193.0,21.0,3003.33,5.341,21.037,31.5,0.42618306962115066,-0.42618306962115066,0.42618306962115066
18.0,12981.0,480.0,25.0,190.0,21.0,3009.6,2.725,20.71,31.5,0.42047181558112057,-0.42047181558112057,0.42047181558112057
19.0,11472.0,424.0,182.0,88.0,24.0,2658.48,19.838,9.592,36.0,3.3329696656849492,3.3329696656849492,3.254779361923787
19.0,11499.0,425.0,180.0,85.0,24.0,2664.75,19.62,9.265,36.0,0.06268023748414271,0.06268023748414271,0.06268023748414271
19.0,11526.0,426.0,183.0,86.0,24.0,2671.02,19.947,9.374,36.0,0.05497420493753615,0.05497420493753615,0.05497420493753615
19.0,11553.0,427.0,183.0,91.0,24.0,2677.29,19.947,9.919,36.0,0.08692185007974482,-0.08692185007974482,0.08692185007974482
19.0,11580.0,428.0,183.0,87.0,24.0,2683.56,19.947,9.483,36.0,0.06953748006379584,0.06953748006379584,0.06953748006379584
19.0,11607.0,429.0,186.0,86.0,24.0,2689.83,20.274,9.374,36.0,0.05497420493753668,0.05497420493753668,0.05497420493753668
19.0,11634.0,430.0,183.0,100.0,24.0,2696.1,19.947,10.9,36.0,0.24890629918614396,-0.24890629918614396,0.24890629918614396
19.0,11661.0,431.0,181.0,108.0,24.0,2702.37,19.729,11.772,36.0,0.1433551876211563,-0.1433551876211563,0.1433551876211563
19.0,11686.0,432.0,175.0,107.0,22.0,2708.64,19.075,11.663,33.0,0.49001478720631253,-0.49001478720631253,0.1057449945458542
19.0,11712.0,433.0,135.0,151.0,21.0,2714.91,14.715,16.459,31.5,1.0610702297600174,-1.0610702297600174,1.033748959143679
19.0,11739.0,434.0,133.0,152.0,21.0,2721.18,14.497,16.568,31.5,0.03887263310167111,-0.03887263310167111,0.03887263310167111
19.0,12686.0,469.0,182.0,73.0,23.0,2940.6299999999997,19.838,7.957,34.5,1.685433455407648,1.685433455407648,1.6160920285670675
19.0,12713.0,470.0,169.0,86.0,23.0,2946.8999999999996,18.421,9.374,34.5,0.31960775404827385,-0.31960775404827385,0.31960775404827385
20.0,12254.0,453.0,159.0,85.0,23.0,2840.31,17.331,9.265,34.5,0.17471075641183048,-0.17471075641183048,0.17471075641183048
20.0,12281.0,454.0,154.0,89.0,23.0,2846.58,16.786,9.701,34.5,0.11131428100162347,-0.11131428100162347,0.11131428100162347
20.0,12308.0,455.0,146.0,96.0,23.0,2852.85,15.914,10.464,34.5,0.18479838813206986,-0.18479838813206986,0.18479838813206986
20.0,12335.0,456.0,146.0,97.0,23.0,2859.12,15.914,10.573,34.5,0.01738437001594896,-0.01738437001594896,0.01738437001594896
20.0,12362.0,457.0,145.0,102.0,23.0,2865.39,15.805,11.118,34.5,0.08864324194284107,-0.08864324194284107,0.08864324194284107
21.0,12794.0,473.0,172.0,86.0,23.0,2965.7099999999996,18.748,9.374,34.5,0.5456034054500157,0.5456034054500157,0.5456034054500157
21.0,12821.0,474.0,168.0,86.0,23.0,2971.98,18.312,9.374,34.5,0.06953748006379584,-0.06953748006379584,0.06953748006379584
21.0,12848.0,475.0,157.0,90.0,23.0,2978.25,17.113,9.81,34.5,0.20347883417359502,-0.20347883417359502,0.20347883417359502
21.0,12875.0,476.0,142.0,101.0,23.0,2984.52,15.478,11.009,34.5,0.32336797462734795,-0.32336797462734795,0.32336797462734795
21.0,12902.0,477.0,142.0,108.0,23.0,2990.79,15.478,11.772,34.5,0.12169059011164274,-0.12169059011164274,0.12169059011164274
21.0,12929.0,478.0,129.0,124.0,23.0,2997.06,14.061,13.516,34.5,0.3583879690528908,-0.3583879690528908,0.3583879690528908
21.0,12954.0,479.0,115.0,137.0,21.0,3003.33,12.535,14.933,31.5,0.5824443706656588,-0.5824443706656588,0.3321279228110311
21.0,12981.0,480.0,76.0,154.0,21.0,3009.6,8.284,16.786,31.5,0.7396022855163983,-0.7396022855163983,0.7396022855163983
21.0,13008.0,481.0,60.0,176.0,21.0,3015.87,6.54,19.184,31.5,0.4729059921697491,-0.4729059921697491,0.4729059921697491
